arm,feature,importance_mean,rank,importance_std
no_ttl_frozen,ackdat,0.02193944378515471,1,6.243614984553372e-05
no_ttl_frozen,dload,0.01391672246877429,2,0.0001683539307931069
no_ttl_frozen,ct_dst_sport_ltm,0.00620030140214638,3,0.00011852831527444437
no_ttl_frozen,ct_dst_src_ltm,0.0055316504259908415,4,4.450232404703351e-05
no_ttl_frozen,smean,0.004831013175176824,5,5.029888241694843e-05
no_ttl_frozen,ct_srv_src,0.004707611155123459,6,0.00014505330700154397
no_ttl_frozen,dbytes,0.004040166149337688,7,9.842140193006169e-05
no_ttl_frozen,sbytes,0.003974617649671086,8,4.7886805532627975e-05
no_ttl_frozen,service,0.002858274942233807,9,0.00012927529930432924
no_ttl_frozen,ct_srv_dst,0.00242911039340834,10,7.497370963465022e-05
no_ttl_frozen,dmean,0.0021859982190417957,11,6.307048701106484e-05
no_ttl_frozen,synack,0.0018386017005662448,12,6.312344299521648e-05
no_ttl_frozen,tcprtt,0.0017230480799713898,13,2.6481102331309705e-05
no_ttl_frozen,sinpkt,0.0015785494792253773,14,5.9289297918678084e-05
no_ttl_frozen,swin,0.0011193355767211033,15,2.6586970171479746e-05
no_ttl_frozen,proto,0.0008340448731176009,16,3.352182983582597e-05
no_ttl_frozen,response_body_len,0.0007843333677401753,17,9.398340440460357e-06
no_ttl_frozen,rate,0.0007176791824302642,18,2.1880052981724602e-05
no_ttl_frozen,sloss,0.000591475956065346,19,2.06374161967063e-05
no_ttl_frozen,state,0.0005026336012156519,20,1.2111128917296116e-05
no_ttl_frozen,dur,0.00043939769911913726,21,2.7754616426175148e-05
no_ttl_frozen,ct_src_dport_ltm,0.00038265768288998637,22,2.8374399311006335e-05
no_ttl_frozen,sload,0.0003498441809616226,23,1.6761934697485414e-05
no_ttl_frozen,dtcpb,0.00033844910682132576,24,2.270553871656121e-05
no_ttl_frozen,dloss,0.00030259248359736367,25,9.713729270919518e-06
no_ttl_frozen,stcpb,0.0002910015559101087,26,2.5587886492479217e-05
no_ttl_frozen,spkts,0.00025293376982846725,27,3.1887722425474966e-05
no_ttl_frozen,dinpkt,0.00024163482259047518,28,2.498065172775553e-05
no_ttl_frozen,djit,0.0001805663834668847,29,3.738990284303192e-05
no_ttl_frozen,ct_dst_ltm,0.00015505943229463526,30,6.29530322129041e-05
no_ttl_frozen,dpkts,0.00010125072064064433,31,3.165381477431098e-05
no_ttl_frozen,ct_ftp_cmd,3.344474662636543e-06,32,1.3199648504932601e-06
no_ttl_frozen,is_ftp_login,2.757946531573019e-06,33,8.438880608428206e-07
no_ttl_frozen,dwin,6.872301169025264e-07,34,7.413804999963629e-07
no_ttl_frozen,is_sm_ips_ports,4.596057199046655e-07,35,1.7301252357717335e-06
no_ttl_frozen,trans_depth,-0.00010717395505168703,36,9.517579301038855e-06
no_ttl_frozen,sjit,-0.00012907185585280255,37,2.2840767156090896e-05
no_ttl_frozen,ct_src_ltm,-0.00015019095866255494,38,6.138932308669828e-05
no_ttl_frozen,ct_flw_http_mthd,-0.00015370109517907072,39,5.048306223858946e-06
with_ttl_refit,sttl,0.08169886999635005,1,0.0004951656164658602
with_ttl_refit,ct_dst_sport_ltm,0.007604211900855895,2,0.00015062312322728337
with_ttl_refit,ct_dst_src_ltm,0.00571998870723982,3,5.290100597329505e-05
with_ttl_refit,smean,0.0054590493928639685,4,6.307133086161338e-05
with_ttl_refit,ct_srv_src,0.004105212617800192,5,8.567752243629552e-05
with_ttl_refit,sbytes,0.0032937493291765874,6,3.603267506459689e-05
with_ttl_refit,dbytes,0.003034147024224043,7,7.135707863350039e-05
with_ttl_refit,dmean,0.0028908085785738003,8,2.6869519777965077e-05
with_ttl_refit,ct_srv_dst,0.002445943109023374,9,9.613354670076536e-05
with_ttl_refit,service,0.0024368662184764966,10,9.28247942360705e-05
with_ttl_refit,ct_state_ttl,0.0019417427597218095,11,7.399679549335061e-05
with_ttl_refit,synack,0.001053143494941966,12,2.5917583194462042e-05
with_ttl_refit,dload,0.0009790180621988887,13,3.1052800104058616e-05
with_ttl_refit,proto,0.0009593500108387332,14,2.3565990763115977e-05
with_ttl_refit,sinpkt,0.0008877700114071407,15,4.602292030348155e-05
with_ttl_refit,tcprtt,0.0007370376486981911,16,2.7571645473229425e-05
with_ttl_refit,dur,0.0005567819771097992,17,7.155097492075851e-06
with_ttl_refit,response_body_len,0.00048431264785409045,18,5.357084918183567e-06
with_ttl_refit,dpkts,0.00044774700771714747,19,2.07026107824981e-05
with_ttl_refit,dloss,0.000398367631860852,20,1.9765183238607018e-05
with_ttl_refit,dtcpb,0.0003956005280491226,21,4.9143858285628414e-05
with_ttl_refit,sloss,0.00038133170126140035,22,4.235296752429167e-06
with_ttl_refit,ct_src_dport_ltm,0.0002738926585235557,23,2.5676009712233977e-05
with_ttl_refit,rate,0.00026253641153175524,24,1.537885917717155e-05
with_ttl_refit,ct_dst_ltm,0.00024664753477661173,25,7.395860922189799e-05
with_ttl_refit,state,0.0002071012411008377,26,8.653561098306227e-06
with_ttl_refit,dinpkt,0.0001916312601974779,27,2.4280015210359283e-05
with_ttl_refit,dttl,0.0001687100357489868,28,8.526783442282107e-06
with_ttl_refit,spkts,0.0001099270399618657,29,1.840429789495278e-05
with_ttl_refit,swin,0.00010591459512756529,30,4.892843580175764e-06
with_ttl_refit,stcpb,0.00010065795932061583,31,2.086643841539423e-05
with_ttl_refit,sload,1.469861757472657e-05,32,2.5866891379795963e-05
with_ttl_refit,ackdat,7.392693794439076e-06,33,3.948376889544625e-06
with_ttl_refit,is_ftp_login,3.566077941430379e-06,34,1.1859468712865623e-06
with_ttl_refit,ct_ftp_cmd,8.986182192582959e-07,35,2.578768937689089e-07
with_ttl_refit,dwin,0.0,36,0.0
with_ttl_refit,is_sm_ips_ports,-2.4339777620063786e-07,37,3.695745757187164e-07
with_ttl_refit,sjit,-6.832525645872334e-05,38,2.6060839087264685e-05
with_ttl_refit,ct_flw_http_mthd,-0.00011475091026527106,39,5.257615482708274e-06
with_ttl_refit,trans_depth,-0.00012017886145718749,40,1.1437057412934606e-05
with_ttl_refit,djit,-0.00019103453414794913,41,1.8628058442917713e-05
with_ttl_refit,ct_src_ltm,-0.0004605650311340748,42,2.847218652632534e-05
