rank,stage,config_id,params_json,n_estimators,learning_rate,max_depth,min_child_weight,subsample,colsample_bytree,reg_lambda,reg_alpha,gamma,scale_pos_weight,best_iteration,best_val_aucpr,fit_seconds,train_pr_auc,train_roc_auc,train_accuracy,train_precision,train_recall,train_f1,val_pr_auc,val_roc_auc,val_accuracy,val_precision,val_recall,val_f1
1,round2,round2_d10_child1_sub1.0_col0.6_lambda1.0_alpha1.0,"{""colsample_bytree"": 0.6, ""early_stopping_rounds"": 50, ""eval_metric"": ""aucpr"", ""gamma"": 0, ""learning_rate"": 0.1, ""max_depth"": 10, ""min_child_weight"": 1, ""n_estimators"": 2000, ""n_jobs"": -1, ""random_state"": 42, ""reg_alpha"": 1.0, ""reg_lambda"": 1.0, ""scale_pos_weight"": 1, ""subsample"": 1.0, ""tree_method"": ""hist""}",2000,0.1,10,1,1.0,0.6,1.0,1.0,0,1,282,0.985937332083788,2.393947208998725,0.999351,0.999404,0.989584,0.984601,0.99404,0.989298,0.985938,0.987283,0.937105,0.925071,0.946834,0.935826
2,round2,round2_d8_child1_sub1.0_col0.6_lambda1.0_alpha1.0,"{""colsample_bytree"": 0.6, ""early_stopping_rounds"": 50, ""eval_metric"": ""aucpr"", ""gamma"": 0, ""learning_rate"": 0.1, ""max_depth"": 8, ""min_child_weight"": 1, ""n_estimators"": 2000, ""n_jobs"": -1, ""random_state"": 42, ""reg_alpha"": 1.0, ""reg_lambda"": 1.0, ""scale_pos_weight"": 1, ""subsample"": 1.0, ""tree_method"": ""hist""}",2000,0.1,8,1,1.0,0.6,1.0,1.0,0,1,575,0.9857492963689789,3.7157662080026057,0.99954,0.999579,0.991818,0.987486,0.995725,0.991588,0.98575,0.987144,0.935147,0.923912,0.943828,0.933764
3,round2,round2_d10_child1_sub1.0_col0.8_lambda5.0_alpha0.0,"{""colsample_bytree"": 0.8, ""early_stopping_rounds"": 50, ""eval_metric"": ""aucpr"", ""gamma"": 0, ""learning_rate"": 0.1, ""max_depth"": 10, ""min_child_weight"": 1, ""n_estimators"": 2000, ""n_jobs"": -1, ""random_state"": 42, ""reg_alpha"": 0.0, ""reg_lambda"": 5.0, ""scale_pos_weight"": 1, ""subsample"": 1.0, ""tree_method"": ""hist""}",2000,0.1,10,1,1.0,0.8,5.0,0.0,0,1,354,0.9857282312415324,2.7527683330008585,0.998733,0.998842,0.984677,0.978883,0.989713,0.984268,0.985729,0.987144,0.935749,0.924435,0.944554,0.934386
4,round2,round2_d8_child1_sub1.0_col0.8_lambda1.0_alpha1.0,"{""colsample_bytree"": 0.8, ""early_stopping_rounds"": 50, ""eval_metric"": ""aucpr"", ""gamma"": 0, ""learning_rate"": 0.1, ""max_depth"": 8, ""min_child_weight"": 1, ""n_estimators"": 2000, ""n_jobs"": -1, ""random_state"": 42, ""reg_alpha"": 1.0, ""reg_lambda"": 1.0, ""scale_pos_weight"": 1, ""subsample"": 1.0, ""tree_method"": ""hist""}",2000,0.1,8,1,1.0,0.8,1.0,1.0,0,1,603,0.9856935506064781,3.9655788330019277,0.999724,0.999746,0.993801,0.990095,0.997176,0.993623,0.985694,0.987073,0.934896,0.923959,0.943207,0.933484
5,round2,round2_d10_child1_sub1.0_col0.8_lambda1.0_alpha1.0,"{""colsample_bytree"": 0.8, ""early_stopping_rounds"": 50, ""eval_metric"": ""aucpr"", ""gamma"": 0, ""learning_rate"": 0.1, ""max_depth"": 10, ""min_child_weight"": 1, ""n_estimators"": 2000, ""n_jobs"": -1, ""random_state"": 42, ""reg_alpha"": 1.0, ""reg_lambda"": 1.0, ""scale_pos_weight"": 1, ""subsample"": 1.0, ""tree_method"": ""hist""}",2000,0.1,10,1,1.0,0.8,1.0,1.0,0,1,417,0.9856895599180282,3.418717958000343,0.999845,0.999857,0.995307,0.992297,0.998057,0.995169,0.98569,0.987103,0.935398,0.924381,0.943828,0.934003
6,round2,round2_d10_child1_sub1.0_col0.6_lambda1.0_alpha0.0,"{""colsample_bytree"": 0.6, ""early_stopping_rounds"": 50, ""eval_metric"": ""aucpr"", ""gamma"": 0, ""learning_rate"": 0.1, ""max_depth"": 10, ""min_child_weight"": 1, ""n_estimators"": 2000, ""n_jobs"": -1, ""random_state"": 42, ""reg_alpha"": 0.0, ""reg_lambda"": 1.0, ""scale_pos_weight"": 1, ""subsample"": 1.0, ""tree_method"": ""hist""}",2000,0.1,10,1,1.0,0.6,1.0,0.0,0,1,358,0.9856745454972021,2.775273458999436,0.999652,0.99968,0.992433,0.988354,0.996113,0.992218,0.985675,0.987132,0.93595,0.923778,0.945797,0.934658
7,round2,round2_d10_child1_sub1.0_col0.8_lambda1.0_alpha0.0,"{""colsample_bytree"": 0.8, ""early_stopping_rounds"": 50, ""eval_metric"": ""aucpr"", ""gamma"": 0, ""learning_rate"": 0.1, ""max_depth"": 10, ""min_child_weight"": 1, ""n_estimators"": 2000, ""n_jobs"": -1, ""random_state"": 42, ""reg_alpha"": 0.0, ""reg_lambda"": 1.0, ""scale_pos_weight"": 1, ""subsample"": 1.0, ""tree_method"": ""hist""}",2000,0.1,10,1,1.0,0.8,1.0,0.0,0,1,288,0.9856617481156817,2.328658958002052,0.999282,0.99934,0.988204,0.982867,0.992952,0.987884,0.985663,0.987185,0.937356,0.92675,0.945383,0.935974
8,round2,round2_d8_child1_sub1.0_col0.6_lambda5.0_alpha0.0,"{""colsample_bytree"": 0.6, ""early_stopping_rounds"": 50, ""eval_metric"": ""aucpr"", ""gamma"": 0, ""learning_rate"": 0.1, ""max_depth"": 8, ""min_child_weight"": 1, ""n_estimators"": 2000, ""n_jobs"": -1, ""random_state"": 42, ""reg_alpha"": 0.0, ""reg_lambda"": 5.0, ""scale_pos_weight"": 1, ""subsample"": 1.0, ""tree_method"": ""hist""}",2000,0.1,8,1,1.0,0.6,5.0,0.0,0,1,775,0.9856273853681451,4.739150500001415,0.999322,0.999383,0.989634,0.98418,0.994585,0.989355,0.985628,0.987085,0.9358,0.925478,0.943414,0.93436
9,round2,round2_d8_child5_sub1.0_col0.6_lambda1.0_alpha0.0,"{""colsample_bytree"": 0.6, ""early_stopping_rounds"": 50, ""eval_metric"": ""aucpr"", ""gamma"": 0, ""learning_rate"": 0.1, ""max_depth"": 8, ""min_child_weight"": 5, ""n_estimators"": 2000, ""n_jobs"": -1, ""random_state"": 42, ""reg_alpha"": 0.0, ""reg_lambda"": 1.0, ""scale_pos_weight"": 1, ""subsample"": 1.0, ""tree_method"": ""hist""}",2000,0.1,8,5,1.0,0.6,1.0,0.0,0,1,482,0.9855989652081009,2.924793459002103,0.997507,0.997724,0.977035,0.968808,0.984272,0.976479,0.9856,0.987023,0.934996,0.924406,0.942896,0.933559
10,round2,round2_d8_child5_sub1.0_col0.6_lambda1.0_alpha1.0,"{""colsample_bytree"": 0.6, ""early_stopping_rounds"": 50, ""eval_metric"": ""aucpr"", ""gamma"": 0, ""learning_rate"": 0.1, ""max_depth"": 8, ""min_child_weight"": 5, ""n_estimators"": 2000, ""n_jobs"": -1, ""random_state"": 42, ""reg_alpha"": 1.0, ""reg_lambda"": 1.0, ""scale_pos_weight"": 1, ""subsample"": 1.0, ""tree_method"": ""hist""}",2000,0.1,8,5,1.0,0.6,1.0,1.0,0,1,542,0.9855412875193325,3.34401125000295,0.998551,0.998684,0.98425,0.977541,0.990231,0.983845,0.985542,0.986875,0.935699,0.924599,0.944243,0.934318
11,round2,round2_d10_child1_sub0.85_col0.6_lambda1.0_alpha0.0,"{""colsample_bytree"": 0.6, ""early_stopping_rounds"": 50, ""eval_metric"": ""aucpr"", ""gamma"": 0, ""learning_rate"": 0.1, ""max_depth"": 10, ""min_child_weight"": 1, ""n_estimators"": 2000, ""n_jobs"": -1, ""random_state"": 42, ""reg_alpha"": 0.0, ""reg_lambda"": 1.0, ""scale_pos_weight"": 1, ""subsample"": 0.85, ""tree_method"": ""hist""}",2000,0.1,10,1,0.85,0.6,1.0,0.0,0,1,304,0.985533212225168,2.6321591249979974,0.999707,0.999731,0.993223,0.989226,0.996865,0.993031,0.985534,0.986913,0.935298,0.924279,0.943725,0.933901
12,round2,round2_d10_child1_sub1.0_col0.6_lambda5.0_alpha0.0,"{""colsample_bytree"": 0.6, ""early_stopping_rounds"": 50, ""eval_metric"": ""aucpr"", ""gamma"": 0, ""learning_rate"": 0.1, ""max_depth"": 10, ""min_child_weight"": 1, ""n_estimators"": 2000, ""n_jobs"": -1, ""random_state"": 42, ""reg_alpha"": 0.0, ""reg_lambda"": 5.0, ""scale_pos_weight"": 1, ""subsample"": 1.0, ""tree_method"": ""hist""}",2000,0.1,10,1,1.0,0.6,5.0,0.0,0,1,324,0.9855131459513927,2.5346437919979508,0.998166,0.998324,0.98105,0.973614,0.98764,0.980577,0.985514,0.987015,0.936101,0.923972,0.945901,0.934808
13,round2,round2_d8_child1_sub1.0_col0.6_lambda5.0_alpha1.0,"{""colsample_bytree"": 0.6, ""early_stopping_rounds"": 50, ""eval_metric"": ""aucpr"", ""gamma"": 0, ""learning_rate"": 0.1, ""max_depth"": 8, ""min_child_weight"": 1, ""n_estimators"": 2000, ""n_jobs"": -1, ""random_state"": 42, ""reg_alpha"": 1.0, ""reg_lambda"": 5.0, ""scale_pos_weight"": 1, ""subsample"": 1.0, ""tree_method"": ""hist""}",2000,0.1,8,1,1.0,0.6,5.0,1.0,0,1,502,0.9855003168571009,3.2644064580017584,0.99838,0.998528,0.982494,0.975532,0.988651,0.982047,0.985501,0.986981,0.934996,0.923545,0.943932,0.933627
14,round2,round2_d10_child1_sub0.85_col0.8_lambda1.0_alpha1.0,"{""colsample_bytree"": 0.8, ""early_stopping_rounds"": 50, ""eval_metric"": ""aucpr"", ""gamma"": 0, ""learning_rate"": 0.1, ""max_depth"": 10, ""min_child_weight"": 1, ""n_estimators"": 2000, ""n_jobs"": -1, ""random_state"": 42, ""reg_alpha"": 1.0, ""reg_lambda"": 1.0, ""scale_pos_weight"": 1, ""subsample"": 0.85, ""tree_method"": ""hist""}",2000,0.1,10,1,0.85,0.8,1.0,1.0,0,1,178,0.985481208888643,1.7711520839984587,0.998433,0.998575,0.98282,0.975427,0.989454,0.98239,0.985482,0.98692,0.934294,0.922492,0.943621,0.932937
15,round2,round2_d10_child5_sub1.0_col0.8_lambda1.0_alpha1.0,"{""colsample_bytree"": 0.8, ""early_stopping_rounds"": 50, ""eval_metric"": ""aucpr"", ""gamma"": 0, ""learning_rate"": 0.1, ""max_depth"": 10, ""min_child_weight"": 5, ""n_estimators"": 2000, ""n_jobs"": -1, ""random_state"": 42, ""reg_alpha"": 1.0, ""reg_lambda"": 1.0, ""scale_pos_weight"": 1, ""subsample"": 1.0, ""tree_method"": ""hist""}",2000,0.1,10,5,1.0,0.8,1.0,1.0,0,1,332,0.9854764605440415,2.5180253329999687,0.998519,0.998658,0.984125,0.976974,0.990568,0.983724,0.985477,0.986935,0.933641,0.923335,0.941134,0.932149
16,round2,round2_d10_child5_sub1.0_col0.6_lambda5.0_alpha0.0,"{""colsample_bytree"": 0.6, ""early_stopping_rounds"": 50, ""eval_metric"": ""aucpr"", ""gamma"": 0, ""learning_rate"": 0.1, ""max_depth"": 10, ""min_child_weight"": 5, ""n_estimators"": 2000, ""n_jobs"": -1, ""random_state"": 42, ""reg_alpha"": 0.0, ""reg_lambda"": 5.0, ""scale_pos_weight"": 1, ""subsample"": 1.0, ""tree_method"": ""hist""}",2000,0.1,10,5,1.0,0.6,5.0,0.0,0,1,554,0.9854743781157215,3.771949416001007,0.99882,0.998927,0.985832,0.979349,0.991657,0.985464,0.985475,0.98686,0.934846,0.923522,0.943621,0.933463
17,round2,round2_d10_child1_sub1.0_col0.8_lambda5.0_alpha1.0,"{""colsample_bytree"": 0.8, ""early_stopping_rounds"": 50, ""eval_metric"": ""aucpr"", ""gamma"": 0, ""learning_rate"": 0.1, ""max_depth"": 10, ""min_child_weight"": 1, ""n_estimators"": 2000, ""n_jobs"": -1, ""random_state"": 42, ""reg_alpha"": 1.0, ""reg_lambda"": 5.0, ""scale_pos_weight"": 1, ""subsample"": 1.0, ""tree_method"": ""hist""}",2000,0.1,10,1,1.0,0.8,5.0,1.0,0,1,244,0.9854713828785862,2.100266500001453,0.997428,0.997663,0.97726,0.968655,0.98492,0.97672,0.985472,0.986975,0.935247,0.924272,0.943621,0.933846
18,round2,round2_d10_child1_sub1.0_col0.6_lambda5.0_alpha1.0,"{""colsample_bytree"": 0.6, ""early_stopping_rounds"": 50, ""eval_metric"": ""aucpr"", ""gamma"": 0, ""learning_rate"": 0.1, ""max_depth"": 10, ""min_child_weight"": 1, ""n_estimators"": 2000, ""n_jobs"": -1, ""random_state"": 42, ""reg_alpha"": 1.0, ""reg_lambda"": 5.0, ""scale_pos_weight"": 1, ""subsample"": 1.0, ""tree_method"": ""hist""}",2000,0.1,10,1,1.0,0.6,5.0,1.0,0,1,496,0.9854651388639393,3.947497375000239,0.999617,0.999648,0.992734,0.988737,0.996346,0.992527,0.985466,0.986939,0.935448,0.92413,0.944243,0.934078
19,round2,round2_d8_child5_sub1.0_col0.8_lambda1.0_alpha0.0,"{""colsample_bytree"": 0.8, ""early_stopping_rounds"": 50, ""eval_metric"": ""aucpr"", ""gamma"": 0, ""learning_rate"": 0.1, ""max_depth"": 8, ""min_child_weight"": 5, ""n_estimators"": 2000, ""n_jobs"": -1, ""random_state"": 42, ""reg_alpha"": 0.0, ""reg_lambda"": 1.0, ""scale_pos_weight"": 1, ""subsample"": 1.0, ""tree_method"": ""hist""}",2000,0.1,8,5,1.0,0.8,1.0,0.0,0,1,563,0.9854389396025569,3.4662941669994325,0.998299,0.998449,0.981577,0.974417,0.987899,0.981112,0.98544,0.986865,0.934193,0.923851,0.941756,0.932717
20,round2,round2_d10_child1_sub0.85_col0.8_lambda1.0_alpha0.0,"{""colsample_bytree"": 0.8, ""early_stopping_rounds"": 50, ""eval_metric"": ""aucpr"", ""gamma"": 0, ""learning_rate"": 0.1, ""max_depth"": 10, ""min_child_weight"": 1, ""n_estimators"": 2000, ""n_jobs"": -1, ""random_state"": 42, ""reg_alpha"": 0.0, ""reg_lambda"": 1.0, ""scale_pos_weight"": 1, ""subsample"": 0.85, ""tree_method"": ""hist""}",2000,0.1,10,1,0.85,0.8,1.0,0.0,0,1,231,0.9854294745771428,2.013161040998966,0.999356,0.999409,0.989521,0.984251,0.994274,0.989237,0.98543,0.986829,0.934996,0.922175,0.94559,0.933736
21,round2,round2_d10_child5_sub1.0_col0.8_lambda5.0_alpha0.0,"{""colsample_bytree"": 0.8, ""early_stopping_rounds"": 50, ""eval_metric"": ""aucpr"", ""gamma"": 0, ""learning_rate"": 0.1, ""max_depth"": 10, ""min_child_weight"": 5, ""n_estimators"": 2000, ""n_jobs"": -1, ""random_state"": 42, ""reg_alpha"": 0.0, ""reg_lambda"": 5.0, ""scale_pos_weight"": 1, ""subsample"": 1.0, ""tree_method"": ""hist""}",2000,0.1,10,5,1.0,0.8,5.0,0.0,0,1,552,0.9854015354666018,3.7816020829995978,0.998703,0.998824,0.985091,0.978337,0.991164,0.984709,0.985402,0.986797,0.933742,0.922921,0.941859,0.932294
22,round2,round2_d8_child5_sub1.0_col0.8_lambda1.0_alpha1.0,"{""colsample_bytree"": 0.8, ""early_stopping_rounds"": 50, ""eval_metric"": ""aucpr"", ""gamma"": 0, ""learning_rate"": 0.1, ""max_depth"": 8, ""min_child_weight"": 5, ""n_estimators"": 2000, ""n_jobs"": -1, ""random_state"": 42, ""reg_alpha"": 1.0, ""reg_lambda"": 1.0, ""scale_pos_weight"": 1, ""subsample"": 1.0, ""tree_method"": ""hist""}",2000,0.1,8,5,1.0,0.8,1.0,1.0,0,1,416,0.9853708269178376,2.717710667002393,0.997588,0.997809,0.978101,0.969569,0.985723,0.977579,0.985372,0.986884,0.934595,0.923827,0.942688,0.933162
23,round2,round2_d10_child5_sub1.0_col0.8_lambda1.0_alpha0.0,"{""colsample_bytree"": 0.8, ""early_stopping_rounds"": 50, ""eval_metric"": ""aucpr"", ""gamma"": 0, ""learning_rate"": 0.1, ""max_depth"": 10, ""min_child_weight"": 5, ""n_estimators"": 2000, ""n_jobs"": -1, ""random_state"": 42, ""reg_alpha"": 0.0, ""reg_lambda"": 1.0, ""scale_pos_weight"": 1, ""subsample"": 1.0, ""tree_method"": ""hist""}",2000,0.1,10,5,1.0,0.8,1.0,0.0,0,1,324,0.9853635677271877,2.384997458997532,0.998073,0.998243,0.980461,0.973074,0.986967,0.979971,0.985364,0.986833,0.933591,0.922554,0.941963,0.932157
24,round2,round2_d8_child1_sub1.0_col0.8_lambda5.0_alpha1.0,"{""colsample_bytree"": 0.8, ""early_stopping_rounds"": 50, ""eval_metric"": ""aucpr"", ""gamma"": 0, ""learning_rate"": 0.1, ""max_depth"": 8, ""min_child_weight"": 1, ""n_estimators"": 2000, ""n_jobs"": -1, ""random_state"": 42, ""reg_alpha"": 1.0, ""reg_lambda"": 5.0, ""scale_pos_weight"": 1, ""subsample"": 1.0, ""tree_method"": ""hist""}",2000,0.1,8,1,1.0,0.8,5.0,1.0,0,1,429,0.9853373835562222,2.8464257920022646,0.997702,0.997916,0.978653,0.970345,0.98606,0.978139,0.985338,0.986954,0.9359,0.924028,0.945383,0.934583
25,round2,round2_d10_child5_sub1.0_col0.6_lambda1.0_alpha1.0,"{""colsample_bytree"": 0.6, ""early_stopping_rounds"": 50, ""eval_metric"": ""aucpr"", ""gamma"": 0, ""learning_rate"": 0.1, ""max_depth"": 10, ""min_child_weight"": 5, ""n_estimators"": 2000, ""n_jobs"": -1, ""random_state"": 42, ""reg_alpha"": 1.0, ""reg_lambda"": 1.0, ""scale_pos_weight"": 1, ""subsample"": 1.0, ""tree_method"": ""hist""}",2000,0.1,10,5,1.0,0.6,1.0,1.0,0,1,365,0.9853357631051795,2.7127594999983557,0.998748,0.998864,0.985807,0.979422,0.991527,0.985437,0.985337,0.986777,0.934846,0.924383,0.942585,0.933395
26,round2,round2_d8_child1_sub1.0_col0.6_lambda1.0_alpha0.0,"{""colsample_bytree"": 0.6, ""early_stopping_rounds"": 50, ""eval_metric"": ""aucpr"", ""gamma"": 0, ""learning_rate"": 0.1, ""max_depth"": 8, ""min_child_weight"": 1, ""n_estimators"": 2000, ""n_jobs"": -1, ""random_state"": 42, ""reg_alpha"": 0.0, ""reg_lambda"": 1.0, ""scale_pos_weight"": 1, ""subsample"": 1.0, ""tree_method"": ""hist""}",2000,0.1,8,1,1.0,0.6,1.0,0.0,0,1,424,0.9853334980552255,2.6986544170031266,0.99872,0.998833,0.98464,0.977877,0.990698,0.984245,0.985334,0.986922,0.935549,0.923459,0.945279,0.934242
27,round2,round2_d8_child5_sub1.0_col0.8_lambda5.0_alpha1.0,"{""colsample_bytree"": 0.8, ""early_stopping_rounds"": 50, ""eval_metric"": ""aucpr"", ""gamma"": 0, ""learning_rate"": 0.1, ""max_depth"": 8, ""min_child_weight"": 5, ""n_estimators"": 2000, ""n_jobs"": -1, ""random_state"": 42, ""reg_alpha"": 1.0, ""reg_lambda"": 5.0, ""scale_pos_weight"": 1, ""subsample"": 1.0, ""tree_method"": ""hist""}",2000,0.1,8,5,1.0,0.8,5.0,1.0,0,1,556,0.9853115501552361,3.4780290000016976,0.9978,0.998014,0.97957,0.971192,0.987096,0.979079,0.985312,0.986808,0.934595,0.923655,0.942896,0.933176
28,round2,round2_d10_child1_sub0.85_col0.6_lambda5.0_alpha0.0,"{""colsample_bytree"": 0.6, ""early_stopping_rounds"": 50, ""eval_metric"": ""aucpr"", ""gamma"": 0, ""learning_rate"": 0.1, ""max_depth"": 10, ""min_child_weight"": 1, ""n_estimators"": 2000, ""n_jobs"": -1, ""random_state"": 42, ""reg_alpha"": 0.0, ""reg_lambda"": 5.0, ""scale_pos_weight"": 1, ""subsample"": 0.85, ""tree_method"": ""hist""}",2000,0.1,10,1,0.85,0.6,5.0,0.0,0,1,279,0.9853087550196494,2.7405070000022533,0.998804,0.998918,0.985782,0.979249,0.991657,0.985414,0.98531,0.986774,0.935097,0.923389,0.944347,0.93375
29,round2,round2_d10_child5_sub0.85_col0.6_lambda1.0_alpha0.0,"{""colsample_bytree"": 0.6, ""early_stopping_rounds"": 50, ""eval_metric"": ""aucpr"", ""gamma"": 0, ""learning_rate"": 0.1, ""max_depth"": 10, ""min_child_weight"": 5, ""n_estimators"": 2000, ""n_jobs"": -1, ""random_state"": 42, ""reg_alpha"": 0.0, ""reg_lambda"": 1.0, ""scale_pos_weight"": 1, ""subsample"": 0.85, ""tree_method"": ""hist""}",2000,0.1,10,5,0.85,0.6,1.0,0.0,0,1,340,0.9853090289281357,2.63922575000106,0.998685,0.998805,0.984589,0.977606,0.990879,0.984198,0.98531,0.986699,0.934645,0.923749,0.942896,0.933224
30,round2,round2_d10_child5_sub1.0_col0.8_lambda5.0_alpha1.0,"{""colsample_bytree"": 0.8, ""early_stopping_rounds"": 50, ""eval_metric"": ""aucpr"", ""gamma"": 0, ""learning_rate"": 0.1, ""max_depth"": 10, ""min_child_weight"": 5, ""n_estimators"": 2000, ""n_jobs"": -1, ""random_state"": 42, ""reg_alpha"": 1.0, ""reg_lambda"": 5.0, ""scale_pos_weight"": 1, ""subsample"": 1.0, ""tree_method"": ""hist""}",2000,0.1,10,5,1.0,0.8,5.0,1.0,0,1,502,0.9853031463405121,3.61659845900067,0.998892,0.998995,0.986773,0.980665,0.992252,0.986425,0.985304,0.98678,0.934796,0.924289,0.942585,0.933347
31,round2,round2_d10_child5_sub1.0_col0.6_lambda1.0_alpha0.0,"{""colsample_bytree"": 0.6, ""early_stopping_rounds"": 50, ""eval_metric"": ""aucpr"", ""gamma"": 0, ""learning_rate"": 0.1, ""max_depth"": 10, ""min_child_weight"": 5, ""n_estimators"": 2000, ""n_jobs"": -1, ""random_state"": 42, ""reg_alpha"": 0.0, ""reg_lambda"": 1.0, ""scale_pos_weight"": 1, ""subsample"": 1.0, ""tree_method"": ""hist""}",2000,0.1,10,5,1.0,0.6,1.0,0.0,0,1,413,0.985294574220328,2.9039331669991952,0.998738,0.998846,0.984966,0.978405,0.990827,0.984577,0.985295,0.986754,0.934444,0.922088,0.94445,0.933135
32,round2,round2_d8_child1_sub0.85_col0.6_lambda5.0_alpha0.0,"{""colsample_bytree"": 0.6, ""early_stopping_rounds"": 50, ""eval_metric"": ""aucpr"", ""gamma"": 0, ""learning_rate"": 0.1, ""max_depth"": 8, ""min_child_weight"": 1, ""n_estimators"": 2000, ""n_jobs"": -1, ""random_state"": 42, ""reg_alpha"": 0.0, ""reg_lambda"": 5.0, ""scale_pos_weight"": 1, ""subsample"": 0.85, ""tree_method"": ""hist""}",2000,0.1,8,1,0.85,0.6,5.0,0.0,0,1,486,0.9852867590368866,3.1823837909978465,0.998836,0.998944,0.985857,0.979645,0.991397,0.985486,0.985288,0.986796,0.936402,0.924448,0.946005,0.935102
33,round2,round2_d8_child1_sub0.85_col0.8_lambda1.0_alpha0.0,"{""colsample_bytree"": 0.8, ""early_stopping_rounds"": 50, ""eval_metric"": ""aucpr"", ""gamma"": 0, ""learning_rate"": 0.1, ""max_depth"": 8, ""min_child_weight"": 1, ""n_estimators"": 2000, ""n_jobs"": -1, ""random_state"": 42, ""reg_alpha"": 0.0, ""reg_lambda"": 1.0, ""scale_pos_weight"": 1, ""subsample"": 0.85, ""tree_method"": ""hist""}",2000,0.1,8,1,0.85,0.8,1.0,0.0,0,1,412,0.9852771038517314,2.770332749998488,0.99931,0.999375,0.989509,0.984151,0.994351,0.989225,0.985278,0.986771,0.935298,0.923077,0.945176,0.933996
34,round2,round2_d10_child1_sub0.85_col0.6_lambda5.0_alpha1.0,"{""colsample_bytree"": 0.6, ""early_stopping_rounds"": 50, ""eval_metric"": ""aucpr"", ""gamma"": 0, ""learning_rate"": 0.1, ""max_depth"": 10, ""min_child_weight"": 1, ""n_estimators"": 2000, ""n_jobs"": -1, ""random_state"": 42, ""reg_alpha"": 1.0, ""reg_lambda"": 5.0, ""scale_pos_weight"": 1, ""subsample"": 0.85, ""tree_method"": ""hist""}",2000,0.1,10,1,0.85,0.6,5.0,1.0,0,1,374,0.9852765028077186,3.207479833999969,0.999494,0.999539,0.991692,0.986982,0.995984,0.991462,0.985277,0.986694,0.935599,0.924153,0.944554,0.934242
35,round2,round2_d10_child1_sub0.85_col0.8_lambda5.0_alpha1.0,"{""colsample_bytree"": 0.8, ""early_stopping_rounds"": 50, ""eval_metric"": ""aucpr"", ""gamma"": 0, ""learning_rate"": 0.1, ""max_depth"": 10, ""min_child_weight"": 1, ""n_estimators"": 2000, ""n_jobs"": -1, ""random_state"": 42, ""reg_alpha"": 1.0, ""reg_lambda"": 5.0, ""scale_pos_weight"": 1, ""subsample"": 0.85, ""tree_method"": ""hist""}",2000,0.1,10,1,0.85,0.8,5.0,1.0,0,1,344,0.9852689081583166,3.055524625000544,0.999407,0.999462,0.991002,0.986188,0.995362,0.990754,0.98527,0.986741,0.934695,0.922042,0.945072,0.933415
36,round2,round2_d8_child5_sub1.0_col0.8_lambda5.0_alpha0.0,"{""colsample_bytree"": 0.8, ""early_stopping_rounds"": 50, ""eval_metric"": ""aucpr"", ""gamma"": 0, ""learning_rate"": 0.1, ""max_depth"": 8, ""min_child_weight"": 5, ""n_estimators"": 2000, ""n_jobs"": -1, ""random_state"": 42, ""reg_alpha"": 0.0, ""reg_lambda"": 5.0, ""scale_pos_weight"": 1, ""subsample"": 1.0, ""tree_method"": ""hist""}",2000,0.1,8,5,1.0,0.8,5.0,0.0,0,1,511,0.9852591482018037,3.1543494580000697,0.996984,0.997264,0.974876,0.965451,0.983313,0.9743,0.98526,0.98675,0.933792,0.922499,0.942481,0.932383
37,round2,round2_d10_child5_sub1.0_col0.6_lambda5.0_alpha1.0,"{""colsample_bytree"": 0.6, ""early_stopping_rounds"": 50, ""eval_metric"": ""aucpr"", ""gamma"": 0, ""learning_rate"": 0.1, ""max_depth"": 10, ""min_child_weight"": 5, ""n_estimators"": 2000, ""n_jobs"": -1, ""random_state"": 42, ""reg_alpha"": 1.0, ""reg_lambda"": 5.0, ""scale_pos_weight"": 1, ""subsample"": 1.0, ""tree_method"": ""hist""}",2000,0.1,10,5,1.0,0.6,5.0,1.0,0,1,363,0.9852569037971186,2.677487500001007,0.997577,0.997802,0.978428,0.97038,0.985541,0.977902,0.985258,0.98673,0.936,0.924301,0.945279,0.934672
38,round2,round2_d8_child5_sub0.85_col0.8_lambda1.0_alpha0.0,"{""colsample_bytree"": 0.8, ""early_stopping_rounds"": 50, ""eval_metric"": ""aucpr"", ""gamma"": 0, ""learning_rate"": 0.1, ""max_depth"": 8, ""min_child_weight"": 5, ""n_estimators"": 2000, ""n_jobs"": -1, ""random_state"": 42, ""reg_alpha"": 0.0, ""reg_lambda"": 1.0, ""scale_pos_weight"": 1, ""subsample"": 0.85, ""tree_method"": ""hist""}",2000,0.1,8,5,0.85,0.8,1.0,0.0,0,1,556,0.985253201295713,3.4985240419991896,0.998827,0.998936,0.986371,0.98028,0.991812,0.986012,0.985254,0.986711,0.934896,0.923272,0.944036,0.933538
39,round2,round2_d10_child5_sub0.85_col0.8_lambda1.0_alpha0.0,"{""colsample_bytree"": 0.8, ""early_stopping_rounds"": 50, ""eval_metric"": ""aucpr"", ""gamma"": 0, ""learning_rate"": 0.1, ""max_depth"": 10, ""min_child_weight"": 5, ""n_estimators"": 2000, ""n_jobs"": -1, ""random_state"": 42, ""reg_alpha"": 0.0, ""reg_lambda"": 1.0, ""scale_pos_weight"": 1, ""subsample"": 0.85, ""tree_method"": ""hist""}",2000,0.1,10,5,0.85,0.8,1.0,0.0,0,1,311,0.9852266728398341,2.3968022919980285,0.998454,0.998598,0.983083,0.975585,0.989843,0.982662,0.985227,0.986585,0.934143,0.922812,0.942896,0.932746
40,round2,round2_d8_child1_sub1.0_col0.8_lambda1.0_alpha0.0,"{""colsample_bytree"": 0.8, ""early_stopping_rounds"": 50, ""eval_metric"": ""aucpr"", ""gamma"": 0, ""learning_rate"": 0.1, ""max_depth"": 8, ""min_child_weight"": 1, ""n_estimators"": 2000, ""n_jobs"": -1, ""random_state"": 42, ""reg_alpha"": 0.0, ""reg_lambda"": 1.0, ""scale_pos_weight"": 1, ""subsample"": 1.0, ""tree_method"": ""hist""}",2000,0.1,8,1,1.0,0.8,1.0,0.0,0,1,376,0.98521752948156,2.45948899999712,0.998273,0.998433,0.982017,0.975192,0.988003,0.981556,0.985218,0.986869,0.936502,0.92498,0.94559,0.935171
41,round2,round2_d8_child1_sub0.85_col0.6_lambda1.0_alpha0.0,"{""colsample_bytree"": 0.6, ""early_stopping_rounds"": 50, ""eval_metric"": ""aucpr"", ""gamma"": 0, ""learning_rate"": 0.1, ""max_depth"": 8, ""min_child_weight"": 1, ""n_estimators"": 2000, ""n_jobs"": -1, ""random_state"": 42, ""reg_alpha"": 0.0, ""reg_lambda"": 1.0, ""scale_pos_weight"": 1, ""subsample"": 0.85, ""tree_method"": ""hist""}",2000,0.1,8,1,0.85,0.6,1.0,0.0,0,1,340,0.9851878868437516,2.319023666001158,0.998689,0.998804,0.98425,0.977444,0.990335,0.983847,0.985189,0.986732,0.934294,0.923264,0.942688,0.932875
42,round2,round2_d8_child1_sub0.85_col0.6_lambda1.0_alpha1.0,"{""colsample_bytree"": 0.6, ""early_stopping_rounds"": 50, ""eval_metric"": ""aucpr"", ""gamma"": 0, ""learning_rate"": 0.1, ""max_depth"": 8, ""min_child_weight"": 1, ""n_estimators"": 2000, ""n_jobs"": -1, ""random_state"": 42, ""reg_alpha"": 1.0, ""reg_lambda"": 1.0, ""scale_pos_weight"": 1, ""subsample"": 0.85, ""tree_method"": ""hist""}",2000,0.1,8,1,0.85,0.6,1.0,1.0,0,1,311,0.9851714958311226,2.2218852500009234,0.99822,0.998378,0.981477,0.973903,0.988236,0.981017,0.985172,0.986705,0.935649,0.922618,0.946523,0.934418
43,round2,round2_d10_child1_sub0.85_col0.6_lambda1.0_alpha1.0,"{""colsample_bytree"": 0.6, ""early_stopping_rounds"": 50, ""eval_metric"": ""aucpr"", ""gamma"": 0, ""learning_rate"": 0.1, ""max_depth"": 10, ""min_child_weight"": 1, ""n_estimators"": 2000, ""n_jobs"": -1, ""random_state"": 42, ""reg_alpha"": 1.0, ""reg_lambda"": 1.0, ""scale_pos_weight"": 1, ""subsample"": 0.85, ""tree_method"": ""hist""}",2000,0.1,10,1,0.85,0.6,1.0,1.0,0,1,180,0.9851684478289485,1.8969816669996362,0.998334,0.998484,0.982142,0.975028,0.988444,0.98169,0.985169,0.986602,0.934846,0.923007,0.944243,0.933504
44,round2,round2_d10_child5_sub0.85_col0.8_lambda5.0_alpha0.0,"{""colsample_bytree"": 0.8, ""early_stopping_rounds"": 50, ""eval_metric"": ""aucpr"", ""gamma"": 0, ""learning_rate"": 0.1, ""max_depth"": 10, ""min_child_weight"": 5, ""n_estimators"": 2000, ""n_jobs"": -1, ""random_state"": 42, ""reg_alpha"": 0.0, ""reg_lambda"": 5.0, ""scale_pos_weight"": 1, ""subsample"": 0.85, ""tree_method"": ""hist""}",2000,0.1,10,5,0.85,0.8,5.0,0.0,0,1,294,0.985156330305233,2.30589420799879,0.997658,0.997888,0.978754,0.969824,0.986837,0.978257,0.985157,0.986626,0.934645,0.92289,0.943932,0.933292
45,round2,round2_d8_child5_sub1.0_col0.6_lambda5.0_alpha0.0,"{""colsample_bytree"": 0.6, ""early_stopping_rounds"": 50, ""eval_metric"": ""aucpr"", ""gamma"": 0, ""learning_rate"": 0.1, ""max_depth"": 8, ""min_child_weight"": 5, ""n_estimators"": 2000, ""n_jobs"": -1, ""random_state"": 42, ""reg_alpha"": 0.0, ""reg_lambda"": 5.0, ""scale_pos_weight"": 1, ""subsample"": 1.0, ""tree_method"": ""hist""}",2000,0.1,8,5,1.0,0.6,5.0,0.0,0,1,477,0.9851203186909171,2.9119685419973393,0.996594,0.996905,0.973069,0.963927,0.981111,0.972443,0.985121,0.986725,0.934495,0.922866,0.943621,0.933128
46,round2,round2_d8_child1_sub1.0_col0.8_lambda5.0_alpha0.0,"{""colsample_bytree"": 0.8, ""early_stopping_rounds"": 50, ""eval_metric"": ""aucpr"", ""gamma"": 0, ""learning_rate"": 0.1, ""max_depth"": 8, ""min_child_weight"": 1, ""n_estimators"": 2000, ""n_jobs"": -1, ""random_state"": 42, ""reg_alpha"": 0.0, ""reg_lambda"": 5.0, ""scale_pos_weight"": 1, ""subsample"": 1.0, ""tree_method"": ""hist""}",2000,0.1,8,1,1.0,0.8,5.0,0.0,0,1,410,0.9851064722398178,2.6643917910005257,0.997245,0.997494,0.975516,0.965899,0.984194,0.974961,0.985107,0.986742,0.934595,0.922454,0.944347,0.933272
47,round2,round2_d10_child1_sub0.85_col0.8_lambda5.0_alpha0.0,"{""colsample_bytree"": 0.8, ""early_stopping_rounds"": 50, ""eval_metric"": ""aucpr"", ""gamma"": 0, ""learning_rate"": 0.1, ""max_depth"": 10, ""min_child_weight"": 1, ""n_estimators"": 2000, ""n_jobs"": -1, ""random_state"": 42, ""reg_alpha"": 0.0, ""reg_lambda"": 5.0, ""scale_pos_weight"": 1, ""subsample"": 0.85, ""tree_method"": ""hist""}",2000,0.1,10,1,0.85,0.8,5.0,0.0,0,1,177,0.9851059190515107,1.6837978750008915,0.996772,0.99706,0.973107,0.963977,0.981136,0.972481,0.985107,0.986649,0.936,0.922332,0.947663,0.934826
48,round2,round2_d10_child5_sub0.85_col0.6_lambda1.0_alpha1.0,"{""colsample_bytree"": 0.6, ""early_stopping_rounds"": 50, ""eval_metric"": ""aucpr"", ""gamma"": 0, ""learning_rate"": 0.1, ""max_depth"": 10, ""min_child_weight"": 5, ""n_estimators"": 2000, ""n_jobs"": -1, ""random_state"": 42, ""reg_alpha"": 1.0, ""reg_lambda"": 1.0, ""scale_pos_weight"": 1, ""subsample"": 0.85, ""tree_method"": ""hist""}",2000,0.1,10,5,0.85,0.6,1.0,1.0,0,1,273,0.9850975701546234,2.1901315830000385,0.998043,0.99823,0.980799,0.973141,0.987614,0.980324,0.985098,0.986493,0.93339,0.921751,0.942481,0.932001
49,round2,round2_d8_child1_sub0.85_col0.8_lambda5.0_alpha0.0,"{""colsample_bytree"": 0.8, ""early_stopping_rounds"": 50, ""eval_metric"": ""aucpr"", ""gamma"": 0, ""learning_rate"": 0.1, ""max_depth"": 8, ""min_child_weight"": 1, ""n_estimators"": 2000, ""n_jobs"": -1, ""random_state"": 42, ""reg_alpha"": 0.0, ""reg_lambda"": 5.0, ""scale_pos_weight"": 1, ""subsample"": 0.85, ""tree_method"": ""hist""}",2000,0.1,8,1,0.85,0.8,5.0,0.0,0,1,414,0.9850852296651348,2.8110718749994703,0.998419,0.998569,0.982481,0.974706,0.989506,0.98205,0.985086,0.986705,0.935599,0.922525,0.946523,0.93437
50,round2,round2_d8_child5_sub0.85_col0.6_lambda1.0_alpha0.0,"{""colsample_bytree"": 0.6, ""early_stopping_rounds"": 50, ""eval_metric"": ""aucpr"", ""gamma"": 0, ""learning_rate"": 0.1, ""max_depth"": 8, ""min_child_weight"": 5, ""n_estimators"": 2000, ""n_jobs"": -1, ""random_state"": 42, ""reg_alpha"": 0.0, ""reg_lambda"": 1.0, ""scale_pos_weight"": 1, ""subsample"": 0.85, ""tree_method"": ""hist""}",2000,0.1,8,5,0.85,0.6,1.0,0.0,0,1,485,0.9850254430481056,3.064808332997927,0.998259,0.998422,0.982268,0.974768,0.988988,0.981826,0.985026,0.98655,0.934294,0.922921,0.943103,0.932903
51,round2,round2_d10_child5_sub0.85_col0.8_lambda1.0_alpha1.0,"{""colsample_bytree"": 0.8, ""early_stopping_rounds"": 50, ""eval_metric"": ""aucpr"", ""gamma"": 0, ""learning_rate"": 0.1, ""max_depth"": 10, ""min_child_weight"": 5, ""n_estimators"": 2000, ""n_jobs"": -1, ""random_state"": 42, ""reg_alpha"": 1.0, ""reg_lambda"": 1.0, ""scale_pos_weight"": 1, ""subsample"": 0.85, ""tree_method"": ""hist""}",2000,0.1,10,5,0.85,0.8,1.0,1.0,0,1,387,0.9850216779288972,2.981745166998735,0.999198,0.999274,0.989195,0.983545,0.994325,0.988906,0.985023,0.986482,0.934093,0.922547,0.943103,0.932712
52,round2,round2_d10_child5_sub0.85_col0.6_lambda5.0_alpha1.0,"{""colsample_bytree"": 0.6, ""early_stopping_rounds"": 50, ""eval_metric"": ""aucpr"", ""gamma"": 0, ""learning_rate"": 0.1, ""max_depth"": 10, ""min_child_weight"": 5, ""n_estimators"": 2000, ""n_jobs"": -1, ""random_state"": 42, ""reg_alpha"": 1.0, ""reg_lambda"": 5.0, ""scale_pos_weight"": 1, ""subsample"": 0.85, ""tree_method"": ""hist""}",2000,0.1,10,5,0.85,0.6,5.0,1.0,0,1,479,0.9850087444672385,3.617590999998356,0.999152,0.999236,0.98912,0.983468,0.994248,0.988829,0.98501,0.986482,0.933641,0.922219,0.942481,0.93224
53,round2,round2_d8_child5_sub1.0_col0.6_lambda5.0_alpha1.0,"{""colsample_bytree"": 0.6, ""early_stopping_rounds"": 50, ""eval_metric"": ""aucpr"", ""gamma"": 0, ""learning_rate"": 0.1, ""max_depth"": 8, ""min_child_weight"": 5, ""n_estimators"": 2000, ""n_jobs"": -1, ""random_state"": 42, ""reg_alpha"": 1.0, ""reg_lambda"": 5.0, ""scale_pos_weight"": 1, ""subsample"": 1.0, ""tree_method"": ""hist""}",2000,0.1,8,5,1.0,0.6,5.0,1.0,0,1,408,0.9850008541608543,2.582274000000325,0.996263,0.996606,0.971425,0.962012,0.979685,0.970768,0.985002,0.986582,0.935348,0.924287,0.943828,0.933955
54,round2,round2_d8_child5_sub0.85_col0.6_lambda5.0_alpha0.0,"{""colsample_bytree"": 0.6, ""early_stopping_rounds"": 50, ""eval_metric"": ""aucpr"", ""gamma"": 0, ""learning_rate"": 0.1, ""max_depth"": 8, ""min_child_weight"": 5, ""n_estimators"": 2000, ""n_jobs"": -1, ""random_state"": 42, ""reg_alpha"": 0.0, ""reg_lambda"": 5.0, ""scale_pos_weight"": 1, ""subsample"": 0.85, ""tree_method"": ""hist""}",2000,0.1,8,5,0.85,0.6,5.0,0.0,0,1,477,0.9849728479393212,3.036071999998967,0.997465,0.997704,0.977148,0.968624,0.984712,0.976602,0.984974,0.986482,0.935047,0.923983,0.943517,0.933648
55,round2,round2_d8_child1_sub0.85_col0.6_lambda5.0_alpha1.0,"{""colsample_bytree"": 0.6, ""early_stopping_rounds"": 50, ""eval_metric"": ""aucpr"", ""gamma"": 0, ""learning_rate"": 0.1, ""max_depth"": 8, ""min_child_weight"": 1, ""n_estimators"": 2000, ""n_jobs"": -1, ""random_state"": 42, ""reg_alpha"": 1.0, ""reg_lambda"": 5.0, ""scale_pos_weight"": 1, ""subsample"": 0.85, ""tree_method"": ""hist""}",2000,0.1,8,1,0.85,0.6,5.0,1.0,0,1,383,0.9849723514511035,2.6460944159989594,0.997952,0.99815,0.98026,0.971857,0.987848,0.979787,0.984973,0.986525,0.934294,0.923007,0.942999,0.932896
56,round2,round2_d8_child5_sub0.85_col0.8_lambda5.0_alpha1.0,"{""colsample_bytree"": 0.8, ""early_stopping_rounds"": 50, ""eval_metric"": ""aucpr"", ""gamma"": 0, ""learning_rate"": 0.1, ""max_depth"": 8, ""min_child_weight"": 5, ""n_estimators"": 2000, ""n_jobs"": -1, ""random_state"": 42, ""reg_alpha"": 1.0, ""reg_lambda"": 5.0, ""scale_pos_weight"": 1, ""subsample"": 0.85, ""tree_method"": ""hist""}",2000,0.1,8,5,0.85,0.8,5.0,1.0,0,1,464,0.9849708500614529,3.0374075839972647,0.997753,0.99797,0.979381,0.971325,0.986552,0.978879,0.984972,0.986509,0.934545,0.92296,0.943621,0.933176
57,round2,round2_d8_child1_sub0.85_col0.8_lambda1.0_alpha1.0,"{""colsample_bytree"": 0.8, ""early_stopping_rounds"": 50, ""eval_metric"": ""aucpr"", ""gamma"": 0, ""learning_rate"": 0.1, ""max_depth"": 8, ""min_child_weight"": 1, ""n_estimators"": 2000, ""n_jobs"": -1, ""random_state"": 42, ""reg_alpha"": 1.0, ""reg_lambda"": 1.0, ""scale_pos_weight"": 1, ""subsample"": 0.85, ""tree_method"": ""hist""}",2000,0.1,8,1,0.85,0.8,1.0,1.0,0,1,169,0.9849373942743583,1.3624019579983724,0.99475,0.995211,0.964209,0.952819,0.974348,0.963463,0.984938,0.98653,0.935398,0.922494,0.946108,0.934152
58,round2,round2_d10_child5_sub0.85_col0.6_lambda5.0_alpha0.0,"{""colsample_bytree"": 0.6, ""early_stopping_rounds"": 50, ""eval_metric"": ""aucpr"", ""gamma"": 0, ""learning_rate"": 0.1, ""max_depth"": 10, ""min_child_weight"": 5, ""n_estimators"": 2000, ""n_jobs"": -1, ""random_state"": 42, ""reg_alpha"": 0.0, ""reg_lambda"": 5.0, ""scale_pos_weight"": 1, ""subsample"": 0.85, ""tree_method"": ""hist""}",2000,0.1,10,5,0.85,0.6,5.0,0.0,0,1,303,0.9849371310506004,2.391117375002068,0.997535,0.997776,0.978114,0.969809,0.98549,0.977586,0.984938,0.986475,0.934495,0.923639,0.942688,0.933067
59,round2,round2_d8_child5_sub0.85_col0.8_lambda5.0_alpha0.0,"{""colsample_bytree"": 0.8, ""early_stopping_rounds"": 50, ""eval_metric"": ""aucpr"", ""gamma"": 0, ""learning_rate"": 0.1, ""max_depth"": 8, ""min_child_weight"": 5, ""n_estimators"": 2000, ""n_jobs"": -1, ""random_state"": 42, ""reg_alpha"": 0.0, ""reg_lambda"": 5.0, ""scale_pos_weight"": 1, ""subsample"": 0.85, ""tree_method"": ""hist""}",2000,0.1,8,5,0.85,0.8,5.0,0.0,0,1,448,0.9849364834644998,2.8836628339995514,0.997463,0.997704,0.97711,0.968717,0.984531,0.97656,0.984937,0.986496,0.935398,0.922665,0.945901,0.934138
60,round2,round2_d8_child5_sub0.85_col0.8_lambda1.0_alpha1.0,"{""colsample_bytree"": 0.8, ""early_stopping_rounds"": 50, ""eval_metric"": ""aucpr"", ""gamma"": 0, ""learning_rate"": 0.1, ""max_depth"": 8, ""min_child_weight"": 5, ""n_estimators"": 2000, ""n_jobs"": -1, ""random_state"": 42, ""reg_alpha"": 1.0, ""reg_lambda"": 1.0, ""scale_pos_weight"": 1, ""subsample"": 0.85, ""tree_method"": ""hist""}",2000,0.1,8,5,0.85,0.8,1.0,1.0,0,1,477,0.9849129098991476,3.1298998330021277,0.998535,0.998676,0.98425,0.977273,0.990516,0.98385,0.984914,0.986465,0.933942,0.921753,0.943725,0.93261
61,round2,round2_d10_child5_sub0.85_col0.8_lambda5.0_alpha1.0,"{""colsample_bytree"": 0.8, ""early_stopping_rounds"": 50, ""eval_metric"": ""aucpr"", ""gamma"": 0, ""learning_rate"": 0.1, ""max_depth"": 10, ""min_child_weight"": 5, ""n_estimators"": 2000, ""n_jobs"": -1, ""random_state"": 42, ""reg_alpha"": 1.0, ""reg_lambda"": 5.0, ""scale_pos_weight"": 1, ""subsample"": 0.85, ""tree_method"": ""hist""}",2000,0.1,10,5,0.85,0.8,5.0,1.0,0,1,176,0.9849135083498098,1.5553353340001195,0.994706,0.995202,0.965088,0.953706,0.975255,0.96436,0.984914,0.986444,0.934093,0.921436,0.94445,0.932801
62,round2,round2_d8_child1_sub0.85_col0.8_lambda5.0_alpha1.0,"{""colsample_bytree"": 0.8, ""early_stopping_rounds"": 50, ""eval_metric"": ""aucpr"", ""gamma"": 0, ""learning_rate"": 0.1, ""max_depth"": 8, ""min_child_weight"": 1, ""n_estimators"": 2000, ""n_jobs"": -1, ""random_state"": 42, ""reg_alpha"": 1.0, ""reg_lambda"": 5.0, ""scale_pos_weight"": 1, ""subsample"": 0.85, ""tree_method"": ""hist""}",2000,0.1,8,1,0.85,0.8,5.0,1.0,0,1,482,0.9848762443433448,3.34577333299967,0.998967,0.999068,0.9873,0.980981,0.99303,0.986969,0.984877,0.986477,0.933541,0.921861,0.942688,0.932158
63,round2,round2_d8_child5_sub0.85_col0.6_lambda5.0_alpha1.0,"{""colsample_bytree"": 0.6, ""early_stopping_rounds"": 50, ""eval_metric"": ""aucpr"", ""gamma"": 0, ""learning_rate"": 0.1, ""max_depth"": 8, ""min_child_weight"": 5, ""n_estimators"": 2000, ""n_jobs"": -1, ""random_state"": 42, ""reg_alpha"": 1.0, ""reg_lambda"": 5.0, ""scale_pos_weight"": 1, ""subsample"": 0.85, ""tree_method"": ""hist""}",2000,0.1,8,5,0.85,0.6,5.0,1.0,0,1,486,0.9848473140988818,3.1445080830017105,0.997721,0.997942,0.978904,0.970193,0.986759,0.978406,0.984848,0.986412,0.934394,0.922081,0.944347,0.933081
64,round2,round2_d8_child5_sub0.85_col0.6_lambda1.0_alpha1.0,"{""colsample_bytree"": 0.6, ""early_stopping_rounds"": 50, ""eval_metric"": ""aucpr"", ""gamma"": 0, ""learning_rate"": 0.1, ""max_depth"": 8, ""min_child_weight"": 5, ""n_estimators"": 2000, ""n_jobs"": -1, ""random_state"": 42, ""reg_alpha"": 1.0, ""reg_lambda"": 1.0, ""scale_pos_weight"": 1, ""subsample"": 0.85, ""tree_method"": ""hist""}",2000,0.1,8,5,0.85,0.6,1.0,1.0,0,1,389,0.9848253768153803,2.5623006250025355,0.997564,0.997789,0.9777,0.969328,0.985127,0.977164,0.984826,0.986349,0.93334,0.921915,0.94217,0.931932
