stage,config_id,params_json,n_estimators,learning_rate,max_depth,min_child_weight,subsample,colsample_bytree,reg_lambda,reg_alpha,gamma,scale_pos_weight,best_iteration,best_val_aucpr,fit_seconds,train_pr_auc,train_roc_auc,train_accuracy,train_precision,train_recall,train_f1,val_pr_auc,val_roc_auc,val_accuracy,val_precision,val_recall,val_f1
baseline,default,"{""colsample_bytree"": 1.0, ""early_stopping_rounds"": null, ""eval_metric"": ""aucpr"", ""gamma"": 0, ""learning_rate"": 0.3, ""max_depth"": 6, ""min_child_weight"": 1, ""n_estimators"": 100, ""n_jobs"": -1, ""random_state"": 42, ""reg_alpha"": 0.0, ""reg_lambda"": 1.0, ""scale_pos_weight"": 1, ""subsample"": 1.0, ""tree_method"": ""hist""}",100,0.3,6,1,1.0,1.0,1.0,0.0,0,1,99,0.9839924726249648,0.520259041000827,0.992804,0.993343,0.954923,0.943961,0.964164,0.953956,0.983993,0.985793,0.932687,0.921042,0.941756,0.931284
structure,structure_d4_child1,"{""colsample_bytree"": 0.8, ""early_stopping_rounds"": 50, ""eval_metric"": ""aucpr"", ""gamma"": 0, ""learning_rate"": 0.1, ""max_depth"": 4, ""min_child_weight"": 1, ""n_estimators"": 2000, ""n_jobs"": -1, ""random_state"": 42, ""reg_alpha"": 0.0, ""reg_lambda"": 1.0, ""scale_pos_weight"": 1, ""subsample"": 0.8, ""tree_method"": ""hist""}",2000,0.1,4,1,0.8,0.8,1.0,0.0,0,1,824,0.9847674482053854,3.525443833997997,0.992841,0.993412,0.955839,0.944357,0.965719,0.954919,0.984768,0.986392,0.935197,0.924006,0.943828,0.933812
structure,structure_d4_child5,"{""colsample_bytree"": 0.8, ""early_stopping_rounds"": 50, ""eval_metric"": ""aucpr"", ""gamma"": 0, ""learning_rate"": 0.1, ""max_depth"": 4, ""min_child_weight"": 5, ""n_estimators"": 2000, ""n_jobs"": -1, ""random_state"": 42, ""reg_alpha"": 0.0, ""reg_lambda"": 1.0, ""scale_pos_weight"": 1, ""subsample"": 0.8, ""tree_method"": ""hist""}",2000,0.1,4,5,0.8,0.8,1.0,0.0,0,1,730,0.9842062420412087,3.1277336249986547,0.991276,0.992023,0.951986,0.940055,0.962221,0.951009,0.984207,0.985973,0.933742,0.920784,0.94445,0.932467
structure,structure_d4_child10,"{""colsample_bytree"": 0.8, ""early_stopping_rounds"": 50, ""eval_metric"": ""aucpr"", ""gamma"": 0, ""learning_rate"": 0.1, ""max_depth"": 4, ""min_child_weight"": 10, ""n_estimators"": 2000, ""n_jobs"": -1, ""random_state"": 42, ""reg_alpha"": 0.0, ""reg_lambda"": 1.0, ""scale_pos_weight"": 1, ""subsample"": 0.8, ""tree_method"": ""hist""}",2000,0.1,4,10,0.8,0.8,1.0,0.0,0,1,730,0.9838840228545679,3.1819070409983397,0.99044,0.991291,0.948761,0.935842,0.960019,0.947776,0.983885,0.985644,0.93334,0.920295,0.944139,0.932065
structure,structure_d6_child1,"{""colsample_bytree"": 0.8, ""early_stopping_rounds"": 50, ""eval_metric"": ""aucpr"", ""gamma"": 0, ""learning_rate"": 0.1, ""max_depth"": 6, ""min_child_weight"": 1, ""n_estimators"": 2000, ""n_jobs"": -1, ""random_state"": 42, ""reg_alpha"": 0.0, ""reg_lambda"": 1.0, ""scale_pos_weight"": 1, ""subsample"": 0.8, ""tree_method"": ""hist""}",2000,0.1,6,1,0.8,0.8,1.0,0.0,0,1,411,0.9847379676360749,2.3074298329993326,0.995879,0.996207,0.967346,0.957168,0.976265,0.966622,0.984739,0.986478,0.935699,0.922883,0.946316,0.934452
structure,structure_d6_child5,"{""colsample_bytree"": 0.8, ""early_stopping_rounds"": 50, ""eval_metric"": ""aucpr"", ""gamma"": 0, ""learning_rate"": 0.1, ""max_depth"": 6, ""min_child_weight"": 5, ""n_estimators"": 2000, ""n_jobs"": -1, ""random_state"": 42, ""reg_alpha"": 0.0, ""reg_lambda"": 1.0, ""scale_pos_weight"": 1, ""subsample"": 0.8, ""tree_method"": ""hist""}",2000,0.1,6,5,0.8,0.8,1.0,0.0,0,1,623,0.9849473030478278,3.373787374999665,0.996595,0.996893,0.972354,0.963307,0.980255,0.971707,0.984948,0.986463,0.934294,0.92378,0.942067,0.932834
structure,structure_d6_child10,"{""colsample_bytree"": 0.8, ""early_stopping_rounds"": 50, ""eval_metric"": ""aucpr"", ""gamma"": 0, ""learning_rate"": 0.1, ""max_depth"": 6, ""min_child_weight"": 10, ""n_estimators"": 2000, ""n_jobs"": -1, ""random_state"": 42, ""reg_alpha"": 0.0, ""reg_lambda"": 1.0, ""scale_pos_weight"": 1, ""subsample"": 0.8, ""tree_method"": ""hist""}",2000,0.1,6,10,0.8,0.8,1.0,0.0,0,1,613,0.9846018922764118,3.272699000001012,0.994942,0.995398,0.964975,0.953902,0.974788,0.964232,0.984603,0.986198,0.934294,0.922664,0.943414,0.932923
structure,structure_d8_child1,"{""colsample_bytree"": 0.8, ""early_stopping_rounds"": 50, ""eval_metric"": ""aucpr"", ""gamma"": 0, ""learning_rate"": 0.1, ""max_depth"": 8, ""min_child_weight"": 1, ""n_estimators"": 2000, ""n_jobs"": -1, ""random_state"": 42, ""reg_alpha"": 0.0, ""reg_lambda"": 1.0, ""scale_pos_weight"": 1, ""subsample"": 0.8, ""tree_method"": ""hist""}",2000,0.1,8,1,0.8,0.8,1.0,0.0,0,1,332,0.9853034356609806,2.409560041000077,0.99862,0.998743,0.984175,0.977513,0.990102,0.983767,0.985304,0.986873,0.936402,0.923676,0.946938,0.935162
structure,structure_d8_child5,"{""colsample_bytree"": 0.8, ""early_stopping_rounds"": 50, ""eval_metric"": ""aucpr"", ""gamma"": 0, ""learning_rate"": 0.1, ""max_depth"": 8, ""min_child_weight"": 5, ""n_estimators"": 2000, ""n_jobs"": -1, ""random_state"": 42, ""reg_alpha"": 0.0, ""reg_lambda"": 1.0, ""scale_pos_weight"": 1, ""subsample"": 0.8, ""tree_method"": ""hist""}",2000,0.1,8,5,0.8,0.8,1.0,0.0,0,1,516,0.9852284016095498,3.31422370799919,0.998604,0.998732,0.984627,0.978096,0.990439,0.984229,0.985229,0.986673,0.935247,0.924444,0.943414,0.933833
structure,structure_d8_child10,"{""colsample_bytree"": 0.8, ""early_stopping_rounds"": 50, ""eval_metric"": ""aucpr"", ""gamma"": 0, ""learning_rate"": 0.1, ""max_depth"": 8, ""min_child_weight"": 10, ""n_estimators"": 2000, ""n_jobs"": -1, ""random_state"": 42, ""reg_alpha"": 0.0, ""reg_lambda"": 1.0, ""scale_pos_weight"": 1, ""subsample"": 0.8, ""tree_method"": ""hist""}",2000,0.1,8,10,0.8,0.8,1.0,0.0,0,1,453,0.9848925679347941,2.9350515419973817,0.996467,0.996793,0.971626,0.962239,0.979867,0.970973,0.984893,0.986373,0.934444,0.922259,0.944243,0.933122
structure,structure_d10_child1,"{""colsample_bytree"": 0.8, ""early_stopping_rounds"": 50, ""eval_metric"": ""aucpr"", ""gamma"": 0, ""learning_rate"": 0.1, ""max_depth"": 10, ""min_child_weight"": 1, ""n_estimators"": 2000, ""n_jobs"": -1, ""random_state"": 42, ""reg_alpha"": 0.0, ""reg_lambda"": 1.0, ""scale_pos_weight"": 1, ""subsample"": 0.8, ""tree_method"": ""hist""}",2000,0.1,10,1,0.8,0.8,1.0,0.0,0,1,236,0.9854263975275003,2.12610479200157,0.999313,0.999373,0.989484,0.983976,0.994481,0.989201,0.985427,0.98696,0.935398,0.921387,0.947456,0.934239
structure,structure_d10_child5,"{""colsample_bytree"": 0.8, ""early_stopping_rounds"": 50, ""eval_metric"": ""aucpr"", ""gamma"": 0, ""learning_rate"": 0.1, ""max_depth"": 10, ""min_child_weight"": 5, ""n_estimators"": 2000, ""n_jobs"": -1, ""random_state"": 42, ""reg_alpha"": 0.0, ""reg_lambda"": 1.0, ""scale_pos_weight"": 1, ""subsample"": 0.8, ""tree_method"": ""hist""}",2000,0.1,10,5,0.8,0.8,1.0,0.0,0,1,269,0.9850818738146698,2.1324968750013795,0.997898,0.998088,0.979469,0.971812,0.986215,0.97896,0.985083,0.986547,0.934545,0.92296,0.943621,0.933176
structure,structure_d10_child10,"{""colsample_bytree"": 0.8, ""early_stopping_rounds"": 50, ""eval_metric"": ""aucpr"", ""gamma"": 0, ""learning_rate"": 0.1, ""max_depth"": 10, ""min_child_weight"": 10, ""n_estimators"": 2000, ""n_jobs"": -1, ""random_state"": 42, ""reg_alpha"": 0.0, ""reg_lambda"": 1.0, ""scale_pos_weight"": 1, ""subsample"": 0.8, ""tree_method"": ""hist""}",2000,0.1,10,10,0.8,0.8,1.0,0.0,0,1,273,0.9845883948067434,2.0930693750015053,0.995932,0.996297,0.96963,0.960627,0.977353,0.968918,0.984589,0.986126,0.93339,0.922522,0.941548,0.931938
sampling,structurerank1_structure_d10_child1_sub0.7_col0.6,"{""colsample_bytree"": 0.6, ""early_stopping_rounds"": 50, ""eval_metric"": ""aucpr"", ""gamma"": 0, ""learning_rate"": 0.1, ""max_depth"": 10, ""min_child_weight"": 1, ""n_estimators"": 2000, ""n_jobs"": -1, ""random_state"": 42, ""reg_alpha"": 0.0, ""reg_lambda"": 1.0, ""scale_pos_weight"": 1, ""subsample"": 0.7, ""tree_method"": ""hist""}",2000,0.1,10,1,0.7,0.6,1.0,0.0,0,1,288,0.9852033786236104,2.6420676250018005,0.999698,0.999723,0.993198,0.988999,0.997046,0.993006,0.985204,0.986652,0.933541,0.921263,0.943414,0.932207
sampling,structurerank1_structure_d10_child1_sub0.7_col0.8,"{""colsample_bytree"": 0.8, ""early_stopping_rounds"": 50, ""eval_metric"": ""aucpr"", ""gamma"": 0, ""learning_rate"": 0.1, ""max_depth"": 10, ""min_child_weight"": 1, ""n_estimators"": 2000, ""n_jobs"": -1, ""random_state"": 42, ""reg_alpha"": 0.0, ""reg_lambda"": 1.0, ""scale_pos_weight"": 1, ""subsample"": 0.7, ""tree_method"": ""hist""}",2000,0.1,10,1,0.7,0.8,1.0,0.0,0,1,275,0.9853968623662193,2.509916125000018,0.999672,0.9997,0.993073,0.988921,0.996865,0.992877,0.985398,0.986858,0.935398,0.923951,0.944347,0.934037
sampling,structurerank1_structure_d10_child1_sub0.7_col1.0,"{""colsample_bytree"": 1.0, ""early_stopping_rounds"": 50, ""eval_metric"": ""aucpr"", ""gamma"": 0, ""learning_rate"": 0.1, ""max_depth"": 10, ""min_child_weight"": 1, ""n_estimators"": 2000, ""n_jobs"": -1, ""random_state"": 42, ""reg_alpha"": 0.0, ""reg_lambda"": 1.0, ""scale_pos_weight"": 1, ""subsample"": 0.7, ""tree_method"": ""hist""}",2000,0.1,10,1,0.7,1.0,1.0,0.0,0,1,249,0.9851931491256518,2.3618869999991148,0.999544,0.999585,0.991241,0.98697,0.995051,0.990994,0.985194,0.986703,0.934846,0.922151,0.945279,0.933572
sampling,structurerank1_structure_d10_child1_sub0.85_col0.6,"{""colsample_bytree"": 0.6, ""early_stopping_rounds"": 50, ""eval_metric"": ""aucpr"", ""gamma"": 0, ""learning_rate"": 0.1, ""max_depth"": 10, ""min_child_weight"": 1, ""n_estimators"": 2000, ""n_jobs"": -1, ""random_state"": 42, ""reg_alpha"": 0.0, ""reg_lambda"": 1.0, ""scale_pos_weight"": 1, ""subsample"": 0.85, ""tree_method"": ""hist""}",2000,0.1,10,1,0.85,0.6,1.0,0.0,0,1,304,0.985533212225168,2.6210039170000528,0.999707,0.999731,0.993223,0.989226,0.996865,0.993031,0.985534,0.986913,0.935298,0.924279,0.943725,0.933901
sampling,structurerank1_structure_d10_child1_sub0.85_col0.8,"{""colsample_bytree"": 0.8, ""early_stopping_rounds"": 50, ""eval_metric"": ""aucpr"", ""gamma"": 0, ""learning_rate"": 0.1, ""max_depth"": 10, ""min_child_weight"": 1, ""n_estimators"": 2000, ""n_jobs"": -1, ""random_state"": 42, ""reg_alpha"": 0.0, ""reg_lambda"": 1.0, ""scale_pos_weight"": 1, ""subsample"": 0.85, ""tree_method"": ""hist""}",2000,0.1,10,1,0.85,0.8,1.0,0.0,0,1,231,0.9854294745771428,2.0959399579987803,0.999356,0.999409,0.989521,0.984251,0.994274,0.989237,0.98543,0.986829,0.934996,0.922175,0.94559,0.933736
sampling,structurerank1_structure_d10_child1_sub0.85_col1.0,"{""colsample_bytree"": 1.0, ""early_stopping_rounds"": 50, ""eval_metric"": ""aucpr"", ""gamma"": 0, ""learning_rate"": 0.1, ""max_depth"": 10, ""min_child_weight"": 1, ""n_estimators"": 2000, ""n_jobs"": -1, ""random_state"": 42, ""reg_alpha"": 0.0, ""reg_lambda"": 1.0, ""scale_pos_weight"": 1, ""subsample"": 0.85, ""tree_method"": ""hist""}",2000,0.1,10,1,0.85,1.0,1.0,0.0,0,1,210,0.9855587229060295,1.9787922920004348,0.999163,0.999233,0.987727,0.981417,0.99347,0.987407,0.98556,0.986991,0.937958,0.925975,0.947663,0.936693
sampling,structurerank1_structure_d10_child1_sub1.0_col0.6,"{""colsample_bytree"": 0.6, ""early_stopping_rounds"": 50, ""eval_metric"": ""aucpr"", ""gamma"": 0, ""learning_rate"": 0.1, ""max_depth"": 10, ""min_child_weight"": 1, ""n_estimators"": 2000, ""n_jobs"": -1, ""random_state"": 42, ""reg_alpha"": 0.0, ""reg_lambda"": 1.0, ""scale_pos_weight"": 1, ""subsample"": 1.0, ""tree_method"": ""hist""}",2000,0.1,10,1,1.0,0.6,1.0,0.0,0,1,358,0.9856745454972021,2.832840209001006,0.999652,0.99968,0.992433,0.988354,0.996113,0.992218,0.985675,0.987132,0.93595,0.923778,0.945797,0.934658
sampling,structurerank1_structure_d10_child1_sub1.0_col0.8,"{""colsample_bytree"": 0.8, ""early_stopping_rounds"": 50, ""eval_metric"": ""aucpr"", ""gamma"": 0, ""learning_rate"": 0.1, ""max_depth"": 10, ""min_child_weight"": 1, ""n_estimators"": 2000, ""n_jobs"": -1, ""random_state"": 42, ""reg_alpha"": 0.0, ""reg_lambda"": 1.0, ""scale_pos_weight"": 1, ""subsample"": 1.0, ""tree_method"": ""hist""}",2000,0.1,10,1,1.0,0.8,1.0,0.0,0,1,288,0.9856617481156817,2.3920216250007797,0.999282,0.99934,0.988204,0.982867,0.992952,0.987884,0.985663,0.987185,0.937356,0.92675,0.945383,0.935974
sampling,structurerank1_structure_d10_child1_sub1.0_col1.0,"{""colsample_bytree"": 1.0, ""early_stopping_rounds"": 50, ""eval_metric"": ""aucpr"", ""gamma"": 0, ""learning_rate"": 0.1, ""max_depth"": 10, ""min_child_weight"": 1, ""n_estimators"": 2000, ""n_jobs"": -1, ""random_state"": 42, ""reg_alpha"": 0.0, ""reg_lambda"": 1.0, ""scale_pos_weight"": 1, ""subsample"": 1.0, ""tree_method"": ""hist""}",2000,0.1,10,1,1.0,1.0,1.0,0.0,0,1,306,0.985501666876288,2.5210033750008733,0.999442,0.999488,0.990073,0.985388,0.994248,0.989798,0.985502,0.986954,0.934896,0.922245,0.945279,0.93362
sampling,structurerank2_structure_d8_child1_sub0.7_col0.6,"{""colsample_bytree"": 0.6, ""early_stopping_rounds"": 50, ""eval_metric"": ""aucpr"", ""gamma"": 0, ""learning_rate"": 0.1, ""max_depth"": 8, ""min_child_weight"": 1, ""n_estimators"": 2000, ""n_jobs"": -1, ""random_state"": 42, ""reg_alpha"": 0.0, ""reg_lambda"": 1.0, ""scale_pos_weight"": 1, ""subsample"": 0.7, ""tree_method"": ""hist""}",2000,0.1,8,1,0.7,0.6,1.0,0.0,0,1,336,0.9850324326816687,2.373080374996789,0.998794,0.998895,0.984527,0.978165,0.990154,0.984123,0.985033,0.986552,0.933993,0.921932,0.943621,0.93265
sampling,structurerank2_structure_d8_child1_sub0.7_col0.8,"{""colsample_bytree"": 0.8, ""early_stopping_rounds"": 50, ""eval_metric"": ""aucpr"", ""gamma"": 0, ""learning_rate"": 0.1, ""max_depth"": 8, ""min_child_weight"": 1, ""n_estimators"": 2000, ""n_jobs"": -1, ""random_state"": 42, ""reg_alpha"": 0.0, ""reg_lambda"": 1.0, ""scale_pos_weight"": 1, ""subsample"": 0.7, ""tree_method"": ""hist""}",2000,0.1,8,1,0.7,0.8,1.0,0.0,0,1,410,0.98518563732214,2.860733582998364,0.999444,0.999492,0.99035,0.985471,0.99474,0.990084,0.985186,0.986688,0.933842,0.921311,0.944036,0.932535
sampling,structurerank2_structure_d8_child1_sub0.7_col1.0,"{""colsample_bytree"": 1.0, ""early_stopping_rounds"": 50, ""eval_metric"": ""aucpr"", ""gamma"": 0, ""learning_rate"": 0.1, ""max_depth"": 8, ""min_child_weight"": 1, ""n_estimators"": 2000, ""n_jobs"": -1, ""random_state"": 42, ""reg_alpha"": 0.0, ""reg_lambda"": 1.0, ""scale_pos_weight"": 1, ""subsample"": 0.7, ""tree_method"": ""hist""}",2000,0.1,8,1,0.7,1.0,1.0,0.0,0,1,367,0.9850466753117804,2.6141131250005856,0.99921,0.999279,0.988555,0.982805,0.993755,0.98825,0.985048,0.986538,0.933541,0.923061,0.941237,0.932061
sampling,structurerank2_structure_d8_child1_sub0.85_col0.6,"{""colsample_bytree"": 0.6, ""early_stopping_rounds"": 50, ""eval_metric"": ""aucpr"", ""gamma"": 0, ""learning_rate"": 0.1, ""max_depth"": 8, ""min_child_weight"": 1, ""n_estimators"": 2000, ""n_jobs"": -1, ""random_state"": 42, ""reg_alpha"": 0.0, ""reg_lambda"": 1.0, ""scale_pos_weight"": 1, ""subsample"": 0.85, ""tree_method"": ""hist""}",2000,0.1,8,1,0.85,0.6,1.0,0.0,0,1,340,0.9851878868437516,2.3494910419976804,0.998689,0.998804,0.98425,0.977444,0.990335,0.983847,0.985189,0.986732,0.934294,0.923264,0.942688,0.932875
sampling,structurerank2_structure_d8_child1_sub0.85_col0.8,"{""colsample_bytree"": 0.8, ""early_stopping_rounds"": 50, ""eval_metric"": ""aucpr"", ""gamma"": 0, ""learning_rate"": 0.1, ""max_depth"": 8, ""min_child_weight"": 1, ""n_estimators"": 2000, ""n_jobs"": -1, ""random_state"": 42, ""reg_alpha"": 0.0, ""reg_lambda"": 1.0, ""scale_pos_weight"": 1, ""subsample"": 0.85, ""tree_method"": ""hist""}",2000,0.1,8,1,0.85,0.8,1.0,0.0,0,1,412,0.9852771038517314,2.8302327919991512,0.99931,0.999375,0.989509,0.984151,0.994351,0.989225,0.985278,0.986771,0.935298,0.923077,0.945176,0.933996
sampling,structurerank2_structure_d8_child1_sub0.85_col1.0,"{""colsample_bytree"": 1.0, ""early_stopping_rounds"": 50, ""eval_metric"": ""aucpr"", ""gamma"": 0, ""learning_rate"": 0.1, ""max_depth"": 8, ""min_child_weight"": 1, ""n_estimators"": 2000, ""n_jobs"": -1, ""random_state"": 42, ""reg_alpha"": 0.0, ""reg_lambda"": 1.0, ""scale_pos_weight"": 1, ""subsample"": 0.85, ""tree_method"": ""hist""}",2000,0.1,8,1,0.85,1.0,1.0,0.0,0,1,223,0.9852639298761373,1.6909989999985555,0.996823,0.997091,0.973107,0.964024,0.981085,0.972479,0.985265,0.986789,0.935649,0.922448,0.94673,0.934431
sampling,structurerank2_structure_d8_child1_sub1.0_col0.6,"{""colsample_bytree"": 0.6, ""early_stopping_rounds"": 50, ""eval_metric"": ""aucpr"", ""gamma"": 0, ""learning_rate"": 0.1, ""max_depth"": 8, ""min_child_weight"": 1, ""n_estimators"": 2000, ""n_jobs"": -1, ""random_state"": 42, ""reg_alpha"": 0.0, ""reg_lambda"": 1.0, ""scale_pos_weight"": 1, ""subsample"": 1.0, ""tree_method"": ""hist""}",2000,0.1,8,1,1.0,0.6,1.0,0.0,0,1,424,0.9853334980552255,2.7378882499979227,0.99872,0.998833,0.98464,0.977877,0.990698,0.984245,0.985334,0.986922,0.935549,0.923459,0.945279,0.934242
sampling,structurerank2_structure_d8_child1_sub1.0_col0.8,"{""colsample_bytree"": 0.8, ""early_stopping_rounds"": 50, ""eval_metric"": ""aucpr"", ""gamma"": 0, ""learning_rate"": 0.1, ""max_depth"": 8, ""min_child_weight"": 1, ""n_estimators"": 2000, ""n_jobs"": -1, ""random_state"": 42, ""reg_alpha"": 0.0, ""reg_lambda"": 1.0, ""scale_pos_weight"": 1, ""subsample"": 1.0, ""tree_method"": ""hist""}",2000,0.1,8,1,1.0,0.8,1.0,0.0,0,1,376,0.98521752948156,2.489168250001967,0.998273,0.998433,0.982017,0.975192,0.988003,0.981556,0.985218,0.986869,0.936502,0.92498,0.94559,0.935171
sampling,structurerank2_structure_d8_child1_sub1.0_col1.0,"{""colsample_bytree"": 1.0, ""early_stopping_rounds"": 50, ""eval_metric"": ""aucpr"", ""gamma"": 0, ""learning_rate"": 0.1, ""max_depth"": 8, ""min_child_weight"": 1, ""n_estimators"": 2000, ""n_jobs"": -1, ""random_state"": 42, ""reg_alpha"": 0.0, ""reg_lambda"": 1.0, ""scale_pos_weight"": 1, ""subsample"": 1.0, ""tree_method"": ""hist""}",2000,0.1,8,1,1.0,1.0,1.0,0.0,0,1,490,0.9853932794347865,3.205976583998563,0.999275,0.999339,0.988668,0.983627,0.993133,0.988357,0.985394,0.986977,0.936703,0.926393,0.944347,0.935284
regularization,samplingrank1_structurerank1_structure_d10_child1_sub1.0_col0.6_lambda1.0_alpha0.0,"{""colsample_bytree"": 0.6, ""early_stopping_rounds"": 50, ""eval_metric"": ""aucpr"", ""gamma"": 0, ""learning_rate"": 0.1, ""max_depth"": 10, ""min_child_weight"": 1, ""n_estimators"": 2000, ""n_jobs"": -1, ""random_state"": 42, ""reg_alpha"": 0.0, ""reg_lambda"": 1.0, ""scale_pos_weight"": 1, ""subsample"": 1.0, ""tree_method"": ""hist""}",2000,0.1,10,1,1.0,0.6,1.0,0.0,0,1,358,0.9856745454972021,2.843918874998053,0.999652,0.99968,0.992433,0.988354,0.996113,0.992218,0.985675,0.987132,0.93595,0.923778,0.945797,0.934658
regularization,samplingrank1_structurerank1_structure_d10_child1_sub1.0_col0.6_lambda1.0_alpha1.0,"{""colsample_bytree"": 0.6, ""early_stopping_rounds"": 50, ""eval_metric"": ""aucpr"", ""gamma"": 0, ""learning_rate"": 0.1, ""max_depth"": 10, ""min_child_weight"": 1, ""n_estimators"": 2000, ""n_jobs"": -1, ""random_state"": 42, ""reg_alpha"": 1.0, ""reg_lambda"": 1.0, ""scale_pos_weight"": 1, ""subsample"": 1.0, ""tree_method"": ""hist""}",2000,0.1,10,1,1.0,0.6,1.0,1.0,0,1,282,0.985937332083788,2.502373333001742,0.999351,0.999404,0.989584,0.984601,0.99404,0.989298,0.985938,0.987283,0.937105,0.925071,0.946834,0.935826
regularization,samplingrank1_structurerank1_structure_d10_child1_sub1.0_col0.6_lambda5.0_alpha0.0,"{""colsample_bytree"": 0.6, ""early_stopping_rounds"": 50, ""eval_metric"": ""aucpr"", ""gamma"": 0, ""learning_rate"": 0.1, ""max_depth"": 10, ""min_child_weight"": 1, ""n_estimators"": 2000, ""n_jobs"": -1, ""random_state"": 42, ""reg_alpha"": 0.0, ""reg_lambda"": 5.0, ""scale_pos_weight"": 1, ""subsample"": 1.0, ""tree_method"": ""hist""}",2000,0.1,10,1,1.0,0.6,5.0,0.0,0,1,324,0.9855131459513927,2.600627749998239,0.998166,0.998324,0.98105,0.973614,0.98764,0.980577,0.985514,0.987015,0.936101,0.923972,0.945901,0.934808
regularization,samplingrank1_structurerank1_structure_d10_child1_sub1.0_col0.6_lambda5.0_alpha1.0,"{""colsample_bytree"": 0.6, ""early_stopping_rounds"": 50, ""eval_metric"": ""aucpr"", ""gamma"": 0, ""learning_rate"": 0.1, ""max_depth"": 10, ""min_child_weight"": 1, ""n_estimators"": 2000, ""n_jobs"": -1, ""random_state"": 42, ""reg_alpha"": 1.0, ""reg_lambda"": 5.0, ""scale_pos_weight"": 1, ""subsample"": 1.0, ""tree_method"": ""hist""}",2000,0.1,10,1,1.0,0.6,5.0,1.0,0,1,496,0.9854651388639393,4.187925999998697,0.999617,0.999648,0.992734,0.988737,0.996346,0.992527,0.985466,0.986939,0.935448,0.92413,0.944243,0.934078
regularization,samplingrank1_structurerank1_structure_d10_child1_sub1.0_col0.6_lambda10.0_alpha0.0,"{""colsample_bytree"": 0.6, ""early_stopping_rounds"": 50, ""eval_metric"": ""aucpr"", ""gamma"": 0, ""learning_rate"": 0.1, ""max_depth"": 10, ""min_child_weight"": 1, ""n_estimators"": 2000, ""n_jobs"": -1, ""random_state"": 42, ""reg_alpha"": 0.0, ""reg_lambda"": 10.0, ""scale_pos_weight"": 1, ""subsample"": 1.0, ""tree_method"": ""hist""}",2000,0.1,10,1,1.0,0.6,10.0,0.0,0,1,720,0.9857207874321434,5.471844250001595,0.999594,0.999626,0.992157,0.987945,0.995958,0.991935,0.985722,0.987148,0.936101,0.924833,0.944865,0.934741
regularization,samplingrank1_structurerank1_structure_d10_child1_sub1.0_col0.6_lambda10.0_alpha1.0,"{""colsample_bytree"": 0.6, ""early_stopping_rounds"": 50, ""eval_metric"": ""aucpr"", ""gamma"": 0, ""learning_rate"": 0.1, ""max_depth"": 10, ""min_child_weight"": 1, ""n_estimators"": 2000, ""n_jobs"": -1, ""random_state"": 42, ""reg_alpha"": 1.0, ""reg_lambda"": 10.0, ""scale_pos_weight"": 1, ""subsample"": 1.0, ""tree_method"": ""hist""}",2000,0.1,10,1,1.0,0.6,10.0,1.0,0,1,506,0.9853742250234149,3.9808093339997868,0.999134,0.999211,0.988806,0.983235,0.993833,0.988505,0.985375,0.986816,0.9358,0.923926,0.945279,0.934481
regularization,samplingrank2_structurerank1_structure_d10_child1_sub1.0_col0.8_lambda1.0_alpha0.0,"{""colsample_bytree"": 0.8, ""early_stopping_rounds"": 50, ""eval_metric"": ""aucpr"", ""gamma"": 0, ""learning_rate"": 0.1, ""max_depth"": 10, ""min_child_weight"": 1, ""n_estimators"": 2000, ""n_jobs"": -1, ""random_state"": 42, ""reg_alpha"": 0.0, ""reg_lambda"": 1.0, ""scale_pos_weight"": 1, ""subsample"": 1.0, ""tree_method"": ""hist""}",2000,0.1,10,1,1.0,0.8,1.0,0.0,0,1,288,0.9856617481156817,2.492135666998365,0.999282,0.99934,0.988204,0.982867,0.992952,0.987884,0.985663,0.987185,0.937356,0.92675,0.945383,0.935974
regularization,samplingrank2_structurerank1_structure_d10_child1_sub1.0_col0.8_lambda1.0_alpha1.0,"{""colsample_bytree"": 0.8, ""early_stopping_rounds"": 50, ""eval_metric"": ""aucpr"", ""gamma"": 0, ""learning_rate"": 0.1, ""max_depth"": 10, ""min_child_weight"": 1, ""n_estimators"": 2000, ""n_jobs"": -1, ""random_state"": 42, ""reg_alpha"": 1.0, ""reg_lambda"": 1.0, ""scale_pos_weight"": 1, ""subsample"": 1.0, ""tree_method"": ""hist""}",2000,0.1,10,1,1.0,0.8,1.0,1.0,0,1,417,0.9856895599180282,3.4859727500006557,0.999845,0.999857,0.995307,0.992297,0.998057,0.995169,0.98569,0.987103,0.935398,0.924381,0.943828,0.934003
regularization,samplingrank2_structurerank1_structure_d10_child1_sub1.0_col0.8_lambda5.0_alpha0.0,"{""colsample_bytree"": 0.8, ""early_stopping_rounds"": 50, ""eval_metric"": ""aucpr"", ""gamma"": 0, ""learning_rate"": 0.1, ""max_depth"": 10, ""min_child_weight"": 1, ""n_estimators"": 2000, ""n_jobs"": -1, ""random_state"": 42, ""reg_alpha"": 0.0, ""reg_lambda"": 5.0, ""scale_pos_weight"": 1, ""subsample"": 1.0, ""tree_method"": ""hist""}",2000,0.1,10,1,1.0,0.8,5.0,0.0,0,1,354,0.9857282312415324,2.7905557500016585,0.998733,0.998842,0.984677,0.978883,0.989713,0.984268,0.985729,0.987144,0.935749,0.924435,0.944554,0.934386
regularization,samplingrank2_structurerank1_structure_d10_child1_sub1.0_col0.8_lambda5.0_alpha1.0,"{""colsample_bytree"": 0.8, ""early_stopping_rounds"": 50, ""eval_metric"": ""aucpr"", ""gamma"": 0, ""learning_rate"": 0.1, ""max_depth"": 10, ""min_child_weight"": 1, ""n_estimators"": 2000, ""n_jobs"": -1, ""random_state"": 42, ""reg_alpha"": 1.0, ""reg_lambda"": 5.0, ""scale_pos_weight"": 1, ""subsample"": 1.0, ""tree_method"": ""hist""}",2000,0.1,10,1,1.0,0.8,5.0,1.0,0,1,244,0.9854713828785862,2.1162125000009837,0.997428,0.997663,0.97726,0.968655,0.98492,0.97672,0.985472,0.986975,0.935247,0.924272,0.943621,0.933846
regularization,samplingrank2_structurerank1_structure_d10_child1_sub1.0_col0.8_lambda10.0_alpha0.0,"{""colsample_bytree"": 0.8, ""early_stopping_rounds"": 50, ""eval_metric"": ""aucpr"", ""gamma"": 0, ""learning_rate"": 0.1, ""max_depth"": 10, ""min_child_weight"": 1, ""n_estimators"": 2000, ""n_jobs"": -1, ""random_state"": 42, ""reg_alpha"": 0.0, ""reg_lambda"": 10.0, ""scale_pos_weight"": 1, ""subsample"": 1.0, ""tree_method"": ""hist""}",2000,0.1,10,1,1.0,0.8,10.0,0.0,0,1,272,0.9851028597028234,2.229976208000153,0.996646,0.996942,0.972366,0.963214,0.980385,0.971724,0.985104,0.986768,0.935599,0.923552,0.945279,0.934289
regularization,samplingrank2_structurerank1_structure_d10_child1_sub1.0_col0.8_lambda10.0_alpha1.0,"{""colsample_bytree"": 0.8, ""early_stopping_rounds"": 50, ""eval_metric"": ""aucpr"", ""gamma"": 0, ""learning_rate"": 0.1, ""max_depth"": 10, ""min_child_weight"": 1, ""n_estimators"": 2000, ""n_jobs"": -1, ""random_state"": 42, ""reg_alpha"": 1.0, ""reg_lambda"": 10.0, ""scale_pos_weight"": 1, ""subsample"": 1.0, ""tree_method"": ""hist""}",2000,0.1,10,1,1.0,0.8,10.0,1.0,0,1,457,0.9855205101357114,3.6877241250003863,0.999008,0.999097,0.987538,0.981631,0.992848,0.987208,0.985521,0.987005,0.935197,0.923748,0.944139,0.933832
learning_rate,regrank1_samplingrank1_structurerank1_structure_d10_child1_sub1.0_col0.6_lambda1.0_alpha1.0_lr0.03,"{""colsample_bytree"": 0.6, ""early_stopping_rounds"": 50, ""eval_metric"": ""aucpr"", ""gamma"": 0, ""learning_rate"": 0.03, ""max_depth"": 10, ""min_child_weight"": 1, ""n_estimators"": 2000, ""n_jobs"": -1, ""random_state"": 42, ""reg_alpha"": 1.0, ""reg_lambda"": 1.0, ""scale_pos_weight"": 1, ""subsample"": 1.0, ""tree_method"": ""hist""}",2000,0.03,10,1,1.0,0.6,1.0,1.0,0,1,1200,0.985922303305295,9.173268334001477,0.999706,0.999729,0.993386,0.989658,0.996761,0.993197,0.985923,0.987312,0.936703,0.925614,0.945279,0.935343
learning_rate,regrank1_samplingrank1_structurerank1_structure_d10_child1_sub1.0_col0.6_lambda1.0_alpha1.0_lr0.05,"{""colsample_bytree"": 0.6, ""early_stopping_rounds"": 50, ""eval_metric"": ""aucpr"", ""gamma"": 0, ""learning_rate"": 0.05, ""max_depth"": 10, ""min_child_weight"": 1, ""n_estimators"": 2000, ""n_jobs"": -1, ""random_state"": 42, ""reg_alpha"": 1.0, ""reg_lambda"": 1.0, ""scale_pos_weight"": 1, ""subsample"": 1.0, ""tree_method"": ""hist""}",2000,0.05,10,1,1.0,0.6,1.0,1.0,0,1,608,0.9859004763595096,4.762522750002972,0.999497,0.999538,0.991266,0.98672,0.995362,0.991022,0.985901,0.987296,0.936502,0.925325,0.945176,0.935145
learning_rate,regrank1_samplingrank1_structurerank1_structure_d10_child1_sub1.0_col0.6_lambda1.0_alpha1.0_lr0.1,"{""colsample_bytree"": 0.6, ""early_stopping_rounds"": 50, ""eval_metric"": ""aucpr"", ""gamma"": 0, ""learning_rate"": 0.1, ""max_depth"": 10, ""min_child_weight"": 1, ""n_estimators"": 2000, ""n_jobs"": -1, ""random_state"": 42, ""reg_alpha"": 1.0, ""reg_lambda"": 1.0, ""scale_pos_weight"": 1, ""subsample"": 1.0, ""tree_method"": ""hist""}",2000,0.1,10,1,1.0,0.6,1.0,1.0,0,1,282,0.985937332083788,2.441219833002833,0.999351,0.999404,0.989584,0.984601,0.99404,0.989298,0.985938,0.987283,0.937105,0.925071,0.946834,0.935826
learning_rate,regrank2_samplingrank2_structurerank1_structure_d10_child1_sub1.0_col0.8_lambda5.0_alpha0.0_lr0.03,"{""colsample_bytree"": 0.8, ""early_stopping_rounds"": 50, ""eval_metric"": ""aucpr"", ""gamma"": 0, ""learning_rate"": 0.03, ""max_depth"": 10, ""min_child_weight"": 1, ""n_estimators"": 2000, ""n_jobs"": -1, ""random_state"": 42, ""reg_alpha"": 0.0, ""reg_lambda"": 5.0, ""scale_pos_weight"": 1, ""subsample"": 1.0, ""tree_method"": ""hist""}",2000,0.03,10,1,1.0,0.8,5.0,0.0,0,1,695,0.9853647855166905,5.078551417002018,0.995965,0.996299,0.969053,0.959386,0.977483,0.96835,0.985366,0.986925,0.935448,0.923443,0.945072,0.934132
learning_rate,regrank2_samplingrank2_structurerank1_structure_d10_child1_sub1.0_col0.8_lambda5.0_alpha0.0_lr0.05,"{""colsample_bytree"": 0.8, ""early_stopping_rounds"": 50, ""eval_metric"": ""aucpr"", ""gamma"": 0, ""learning_rate"": 0.05, ""max_depth"": 10, ""min_child_weight"": 1, ""n_estimators"": 2000, ""n_jobs"": -1, ""random_state"": 42, ""reg_alpha"": 0.0, ""reg_lambda"": 5.0, ""scale_pos_weight"": 1, ""subsample"": 1.0, ""tree_method"": ""hist""}",2000,0.05,10,1,1.0,0.8,5.0,0.0,0,1,670,0.9855376778535142,4.9110586249989865,0.998312,0.998469,0.982393,0.974968,0.989039,0.981953,0.985539,0.987068,0.935549,0.923287,0.945487,0.934255
learning_rate,regrank2_samplingrank2_structurerank1_structure_d10_child1_sub1.0_col0.8_lambda5.0_alpha0.0_lr0.1,"{""colsample_bytree"": 0.8, ""early_stopping_rounds"": 50, ""eval_metric"": ""aucpr"", ""gamma"": 0, ""learning_rate"": 0.1, ""max_depth"": 10, ""min_child_weight"": 1, ""n_estimators"": 2000, ""n_jobs"": -1, ""random_state"": 42, ""reg_alpha"": 0.0, ""reg_lambda"": 5.0, ""scale_pos_weight"": 1, ""subsample"": 1.0, ""tree_method"": ""hist""}",2000,0.1,10,1,1.0,0.8,5.0,0.0,0,1,354,0.9857282312415324,2.828192166998633,0.998733,0.998842,0.984677,0.978883,0.989713,0.984268,0.985729,0.987144,0.935749,0.924435,0.944554,0.934386
