model,scope,source,parameter,level,comparison_type,n_rows,n_unique_configurations,mean_val_pr_auc,median_val_pr_auc,min_val_pr_auc,max_val_pr_auc,mean_val_roc_auc,max_val_roc_auc,mean_best_iteration,paired_comparison_count,paired_delta_mean_pr_auc,paired_delta_min_pr_auc,paired_delta_max_pr_auc,best_config_id
XGBoost,round1_staged_or_round2,structure,max_depth,4,descriptive_stage_aggregate,3,3,0.9842866666666666,0.984207,0.983885,0.984768,0.9860029999999999,0.986392,761.3333333333334,0,,,,structure_d4_child1
XGBoost,round1_staged_or_round2,structure,max_depth,6,descriptive_stage_aggregate,3,3,0.9847633333333333,0.984739,0.984603,0.984948,0.9863796666666667,0.986478,549.0,0,,,,structure_d6_child5
XGBoost,round1_staged_or_round2,structure,max_depth,8,descriptive_stage_aggregate,3,3,0.9851420000000001,0.985229,0.984893,0.985304,0.9866396666666667,0.986873,433.6666666666667,0,,,,structure_d8_child1
XGBoost,round1_staged_or_round2,structure,max_depth,10,descriptive_stage_aggregate,3,3,0.985033,0.985083,0.984589,0.985427,0.9865443333333332,0.98696,259.3333333333333,0,,,,structure_d10_child1
XGBoost,round1_staged_or_round2,structure,min_child_weight,1,descriptive_stage_aggregate,4,4,0.9850595000000001,0.985036,0.984739,0.985427,0.98667575,0.98696,450.75,0,,,,structure_d10_child1
XGBoost,round1_staged_or_round2,structure,min_child_weight,5,descriptive_stage_aggregate,4,4,0.98486675,0.9850155,0.984207,0.985229,0.986414,0.986673,534.5,0,,,,structure_d8_child5
XGBoost,round1_staged_or_round2,structure,min_child_weight,10,descriptive_stage_aggregate,4,4,0.9844925000000001,0.984596,0.983885,0.984893,0.98608525,0.986373,517.25,0,,,,structure_d8_child10
XGBoost,round1_staged_or_round2,sampling,max_depth,10,descriptive_stage_aggregate,9,9,0.9854622222222221,0.985502,0.985194,0.985675,0.986913,0.987185,278.77777777777777,0,,,,structurerank1_structure_d10_child1_sub1.0_col0.6
XGBoost,round1_staged_or_round2,sampling,max_depth,8,descriptive_stage_aggregate,9,9,0.9852161111111111,0.985218,0.985033,0.985394,0.9867597777777777,0.986977,375.3333333333333,0,,,,structurerank2_structure_d8_child1_sub1.0_col1.0
XGBoost,round1_staged_or_round2,sampling,subsample,0.7,descriptive_stage_aggregate,6,6,0.9851771666666665,0.98519,0.985033,0.985398,0.9866651666666667,0.986858,320.8333333333333,0,,,,structurerank1_structure_d10_child1_sub0.7_col0.8
XGBoost,round1_staged_or_round2,sampling,subsample,0.85,descriptive_stage_aggregate,6,6,0.985376,0.9853540000000001,0.985189,0.98556,0.9868375,0.986991,286.6666666666667,0,,,,structurerank1_structure_d10_child1_sub0.85_col1.0
XGBoost,round1_staged_or_round2,sampling,subsample,1,descriptive_stage_aggregate,6,6,0.9854643333333333,0.985448,0.985218,0.985675,0.9870065,0.987185,373.6666666666667,0,,,,structurerank1_structure_d10_child1_sub1.0_col0.6
XGBoost,round1_staged_or_round2,sampling,colsample_bytree,0.6,descriptive_stage_aggregate,6,6,0.9853281666666667,0.985269,0.985033,0.985675,0.9868171666666666,0.987132,341.6666666666667,0,,,,structurerank1_structure_d10_child1_sub1.0_col0.6
XGBoost,round1_staged_or_round2,sampling,colsample_bytree,0.8,descriptive_stage_aggregate,6,6,0.9853621666666665,0.985338,0.985186,0.985663,0.9868666666666668,0.987185,332.0,0,,,,structurerank1_structure_d10_child1_sub1.0_col0.8
XGBoost,round1_staged_or_round2,sampling,colsample_bytree,1,descriptive_stage_aggregate,6,6,0.9853271666666666,0.9853295,0.985048,0.98556,0.9868253333333333,0.986991,307.5,0,,,,structurerank1_structure_d10_child1_sub0.85_col1.0
XGBoost,round1_staged_or_round2,regularization,colsample_bytree,0.6,descriptive_stage_aggregate,6,6,0.985615,0.9855944999999999,0.985375,0.985938,0.9870555,0.987283,447.6666666666667,0,,,,samplingrank1_structurerank1_structure_d10_child1_sub1.0_col0.6_lambda1.0_alpha1.0
XGBoost,round1_staged_or_round2,regularization,colsample_bytree,0.8,descriptive_stage_aggregate,6,6,0.9855298333333334,0.985592,0.985104,0.985729,0.98703,0.987185,338.6666666666667,0,,,,samplingrank2_structurerank1_structure_d10_child1_sub1.0_col0.8_lambda5.0_alpha0.0
XGBoost,round1_staged_or_round2,regularization,reg_lambda,1,descriptive_stage_aggregate,4,4,0.9857415,0.9856825,0.985663,0.985938,0.9871757499999999,0.987283,336.25,0,,,,samplingrank1_structurerank1_structure_d10_child1_sub1.0_col0.6_lambda1.0_alpha1.0
XGBoost,round1_staged_or_round2,regularization,reg_lambda,5,descriptive_stage_aggregate,4,4,0.98554525,0.985493,0.985466,0.985729,0.98701825,0.987144,354.5,0,,,,samplingrank2_structurerank1_structure_d10_child1_sub1.0_col0.8_lambda5.0_alpha0.0
XGBoost,round1_staged_or_round2,regularization,reg_lambda,10,descriptive_stage_aggregate,4,4,0.9854305,0.985448,0.985104,0.985722,0.98693425,0.987148,488.75,0,,,,samplingrank1_structurerank1_structure_d10_child1_sub1.0_col0.6_lambda10.0_alpha0.0
XGBoost,round1_staged_or_round2,regularization,reg_alpha,0,descriptive_stage_aggregate,6,6,0.9855678333333332,0.9856689999999999,0.985104,0.985729,0.9870653333333332,0.987185,386.0,0,,,,samplingrank2_structurerank1_structure_d10_child1_sub1.0_col0.8_lambda5.0_alpha0.0
XGBoost,round1_staged_or_round2,regularization,reg_alpha,1,descriptive_stage_aggregate,6,6,0.985577,0.9854965,0.985375,0.985938,0.9870201666666666,0.987283,400.3333333333333,0,,,,samplingrank1_structurerank1_structure_d10_child1_sub1.0_col0.6_lambda1.0_alpha1.0
XGBoost,round1_staged_or_round2,learning_rate,learning_rate,0.03,descriptive_stage_aggregate,2,2,0.9856445,0.9856445,0.985366,0.985923,0.9871185,0.987312,947.5,0,,,,regrank1_samplingrank1_structurerank1_structure_d10_child1_sub1.0_col0.6_lambda1.0_alpha1.0_lr0.03
XGBoost,round1_staged_or_round2,learning_rate,learning_rate,0.05,descriptive_stage_aggregate,2,2,0.98572,0.98572,0.985539,0.985901,0.987182,0.987296,639.0,0,,,,regrank1_samplingrank1_structurerank1_structure_d10_child1_sub1.0_col0.6_lambda1.0_alpha1.0_lr0.05
XGBoost,round1_staged_or_round2,learning_rate,learning_rate,0.1,descriptive_stage_aggregate,2,2,0.9858335,0.9858335,0.985729,0.985938,0.9872135,0.987283,318.0,0,,,,regrank1_samplingrank1_structurerank1_structure_d10_child1_sub1.0_col0.6_lambda1.0_alpha1.0_lr0.1
XGBoost,round1_staged_or_round2,learning_rate,colsample_bytree,0.6,descriptive_stage_aggregate,3,3,0.9859206666666666,0.985923,0.985901,0.985938,0.987297,0.987312,696.6666666666666,0,,,,regrank1_samplingrank1_structurerank1_structure_d10_child1_sub1.0_col0.6_lambda1.0_alpha1.0_lr0.1
XGBoost,round1_staged_or_round2,learning_rate,colsample_bytree,0.8,descriptive_stage_aggregate,3,3,0.9855446666666667,0.985539,0.985366,0.985729,0.9870456666666666,0.987144,573.0,0,,,,regrank2_samplingrank2_structurerank1_structure_d10_child1_sub1.0_col0.8_lambda5.0_alpha0.0_lr0.1
XGBoost,round1_staged_or_round2,learning_rate,reg_lambda,1,descriptive_stage_aggregate,3,3,0.9859206666666666,0.985923,0.985901,0.985938,0.987297,0.987312,696.6666666666666,0,,,,regrank1_samplingrank1_structurerank1_structure_d10_child1_sub1.0_col0.6_lambda1.0_alpha1.0_lr0.1
XGBoost,round1_staged_or_round2,learning_rate,reg_lambda,5,descriptive_stage_aggregate,3,3,0.9855446666666667,0.985539,0.985366,0.985729,0.9870456666666666,0.987144,573.0,0,,,,regrank2_samplingrank2_structurerank1_structure_d10_child1_sub1.0_col0.8_lambda5.0_alpha0.0_lr0.1
XGBoost,round1_staged_or_round2,learning_rate,reg_alpha,1,descriptive_stage_aggregate,3,3,0.9859206666666666,0.985923,0.985901,0.985938,0.987297,0.987312,696.6666666666666,0,,,,regrank1_samplingrank1_structurerank1_structure_d10_child1_sub1.0_col0.6_lambda1.0_alpha1.0_lr0.1
XGBoost,round1_staged_or_round2,learning_rate,reg_alpha,0,descriptive_stage_aggregate,3,3,0.9855446666666667,0.985539,0.985366,0.985729,0.9870456666666666,0.987144,573.0,0,,,,regrank2_samplingrank2_structurerank1_structure_d10_child1_sub1.0_col0.8_lambda5.0_alpha0.0_lr0.1
XGBoost,round1_staged_or_round2,round2_joint,max_depth,10,descriptive_stage_aggregate,32,32,0.98535359375,0.9853235,0.984914,0.985938,0.9868015625,0.987283,337.4375,0,,,,round2_d10_child1_sub1.0_col0.6_lambda1.0_alpha1.0
XGBoost,round1_staged_or_round2,round2_joint,max_depth,8,descriptive_stage_aggregate,32,32,0.98521159375,0.9852035,0.984826,0.98575,0.98673428125,0.987144,463.375,0,,,,round2_d8_child1_sub1.0_col0.6_lambda1.0_alpha1.0
XGBoost,round1_staged_or_round2,round2_joint,min_child_weight,1,descriptive_stage_aggregate,32,32,0.98537803125,0.985336,0.984877,0.985938,0.98687215625,0.987283,372.53125,0,,,,round2_d10_child1_sub1.0_col0.6_lambda1.0_alpha1.0
XGBoost,round1_staged_or_round2,round2_joint,min_child_weight,5,descriptive_stage_aggregate,32,32,0.9851871562500001,0.9852405,0.984826,0.9856,0.9866636875,0.987023,428.28125,0,,,,round2_d8_child5_sub1.0_col0.6_lambda1.0_alpha0.0
XGBoost,round1_staged_or_round2,round2_joint,subsample,1,descriptive_stage_aggregate,32,32,0.9854461875,0.9854529999999999,0.985002,0.985938,0.986922625,0.987283,444.28125,0,,,,round2_d10_child1_sub1.0_col0.6_lambda1.0_alpha1.0
XGBoost,round1_staged_or_round2,round2_joint,subsample,0.85,descriptive_stage_aggregate,32,32,0.985119,0.9851025,0.984826,0.985534,0.9866132187500001,0.98692,356.53125,0,,,,round2_d10_child1_sub0.85_col0.6_lambda1.0_alpha0.0
XGBoost,round1_staged_or_round2,round2_joint,colsample_bytree,0.6,descriptive_stage_aggregate,32,32,0.9852930625,0.9852915,0.984826,0.985938,0.9867659375,0.987283,413.40625,0,,,,round2_d10_child1_sub1.0_col0.6_lambda1.0_alpha1.0
XGBoost,round1_staged_or_round2,round2_joint,colsample_bytree,0.8,descriptive_stage_aggregate,32,32,0.985272125,0.985274,0.984877,0.985729,0.98676990625,0.987185,387.40625,0,,,,round2_d10_child1_sub1.0_col0.8_lambda5.0_alpha0.0
XGBoost,round1_staged_or_round2,round2_joint,reg_lambda,1,descriptive_stage_aggregate,32,32,0.9853518437500001,0.9853355,0.984826,0.985938,0.98681228125,0.987283,378.21875,0,,,,round2_d10_child1_sub1.0_col0.6_lambda1.0_alpha1.0
XGBoost,round1_staged_or_round2,round2_joint,reg_lambda,5,descriptive_stage_aggregate,32,32,0.98521334375,0.985259,0.984848,0.985729,0.9867235624999999,0.987144,422.59375,0,,,,round2_d10_child1_sub1.0_col0.8_lambda5.0_alpha0.0
XGBoost,round1_staged_or_round2,round2_joint,reg_alpha,1,descriptive_stage_aggregate,32,32,0.98525675,0.9852734999999999,0.984826,0.985938,0.9867391562500001,0.987283,393.25,0,,,,round2_d10_child1_sub1.0_col0.6_lambda1.0_alpha1.0
XGBoost,round1_staged_or_round2,round2_joint,reg_alpha,0,descriptive_stage_aggregate,32,32,0.9853084375,0.9852915,0.984937,0.985729,0.9867966875,0.987185,407.5625,0,,,,round2_d10_child1_sub1.0_col0.8_lambda5.0_alpha0.0
XGBoost,round2_joint,round2_joint,max_depth,8 -> 10,controlled_one_factor,2,2,0.9858439999999999,0.9858439999999999,0.98575,0.985938,0.9872135,0.987283,428.5,1,0.00018799999999996597,0.00018799999999996597,0.00018799999999996597,round2_d10_child1_sub1.0_col0.6_lambda1.0_alpha1.0
XGBoost,round2_joint,round2_joint,max_depth,8 -> 10,controlled_one_factor,2,2,0.9854179999999999,0.9854179999999999,0.985107,0.985729,0.986943,0.987144,382.0,1,0.0006220000000000114,0.0006220000000000114,0.0006220000000000114,round2_d10_child1_sub1.0_col0.8_lambda5.0_alpha0.0
XGBoost,round2_joint,round2_joint,max_depth,8 -> 10,controlled_one_factor,2,2,0.985692,0.985692,0.98569,0.985694,0.987088,0.987103,510.0,1,-4.000000000004e-06,-4.000000000004e-06,-4.000000000004e-06,round2_d8_child1_sub1.0_col0.8_lambda1.0_alpha1.0
XGBoost,round2_joint,round2_joint,max_depth,8 -> 10,controlled_one_factor,2,2,0.9855045,0.9855045,0.985334,0.985675,0.987027,0.987132,391.0,1,0.0003409999999999247,0.0003409999999999247,0.0003409999999999247,round2_d10_child1_sub1.0_col0.6_lambda1.0_alpha0.0
XGBoost,round2_joint,round2_joint,max_depth,8 -> 10,controlled_one_factor,2,2,0.9854404999999999,0.9854404999999999,0.985218,0.985663,0.987027,0.987185,332.0,1,0.0004449999999999177,0.0004449999999999177,0.0004449999999999177,round2_d10_child1_sub1.0_col0.8_lambda1.0_alpha0.0
XGBoost,round2_joint,round2_joint,max_depth,8 -> 10,controlled_one_factor,2,2,0.985571,0.985571,0.985514,0.985628,0.98705,0.987085,549.5,1,-0.00011399999999994748,-0.00011399999999994748,-0.00011399999999994748,round2_d8_child1_sub1.0_col0.6_lambda5.0_alpha0.0
XGBoost,round2_joint,round2_joint,max_depth,8 -> 10,controlled_one_factor,2,2,0.9854475,0.9854475,0.985295,0.9856,0.9868885000000001,0.987023,447.5,1,-0.0003049999999999997,-0.0003049999999999997,-0.0003049999999999997,round2_d8_child5_sub1.0_col0.6_lambda1.0_alpha0.0
XGBoost,round2_joint,round2_joint,max_depth,8 -> 10,controlled_one_factor,2,2,0.9854395,0.9854395,0.985337,0.985542,0.986826,0.986875,453.5,1,-0.00020500000000001073,-0.00020500000000001073,-0.00020500000000001073,round2_d8_child5_sub1.0_col0.6_lambda1.0_alpha1.0
XGBoost,round2_joint,round2_joint,max_depth,8 -> 10,controlled_one_factor,2,2,0.9853615,0.9853615,0.985189,0.985534,0.9868225,0.986913,322.0,1,0.0003450000000000397,0.0003450000000000397,0.0003450000000000397,round2_d10_child1_sub0.85_col0.6_lambda1.0_alpha0.0
XGBoost,round2_joint,round2_joint,max_depth,8 -> 10,controlled_one_factor,2,2,0.9854835,0.9854835,0.985466,0.985501,0.9869600000000001,0.986981,499.0,1,-3.500000000000725e-05,-3.500000000000725e-05,-3.500000000000725e-05,round2_d8_child1_sub1.0_col0.6_lambda5.0_alpha1.0
XGBoost,round2_joint,round2_joint,max_depth,8 -> 10,controlled_one_factor,2,2,0.9852099999999999,0.9852099999999999,0.984938,0.985482,0.9867250000000001,0.98692,173.5,1,0.0005439999999999889,0.0005439999999999889,0.0005439999999999889,round2_d10_child1_sub0.85_col0.8_lambda1.0_alpha1.0
XGBoost,round2_joint,round2_joint,max_depth,8 -> 10,controlled_one_factor,2,2,0.9854245,0.9854245,0.985372,0.985477,0.9869095,0.986935,374.0,1,0.00010500000000002174,0.00010500000000002174,0.00010500000000002174,round2_d10_child5_sub1.0_col0.8_lambda1.0_alpha1.0
XGBoost,round2_joint,round2_joint,max_depth,8 -> 10,controlled_one_factor,2,2,0.985298,0.985298,0.985121,0.985475,0.9867925,0.98686,515.5,1,0.00035399999999996545,0.00035399999999996545,0.00035399999999996545,round2_d10_child5_sub1.0_col0.6_lambda5.0_alpha0.0
XGBoost,round2_joint,round2_joint,max_depth,8 -> 10,controlled_one_factor,2,2,0.9854050000000001,0.9854050000000001,0.985338,0.985472,0.9869645,0.986975,336.5,1,0.00013399999999996748,0.00013399999999996748,0.00013399999999996748,round2_d10_child1_sub1.0_col0.8_lambda5.0_alpha1.0
XGBoost,round2_joint,round2_joint,max_depth,8 -> 10,controlled_one_factor,2,2,0.985402,0.985402,0.985364,0.98544,0.986849,0.986865,443.5,1,-7.599999999996498e-05,-7.599999999996498e-05,-7.599999999996498e-05,round2_d8_child5_sub1.0_col0.8_lambda1.0_alpha0.0
XGBoost,round2_joint,round2_joint,max_depth,8 -> 10,controlled_one_factor,2,2,0.9853540000000001,0.9853540000000001,0.985278,0.98543,0.9867999999999999,0.986829,321.5,1,0.000152000000000041,0.000152000000000041,0.000152000000000041,round2_d10_child1_sub0.85_col0.8_lambda1.0_alpha0.0
XGBoost,round2_joint,round2_joint,max_depth,8 -> 10,controlled_one_factor,2,2,0.985331,0.985331,0.98526,0.985402,0.9867735,0.986797,531.5,1,0.00014199999999997548,0.00014199999999997548,0.00014199999999997548,round2_d10_child5_sub1.0_col0.8_lambda5.0_alpha0.0
XGBoost,round2_joint,round2_joint,max_depth,8 -> 10,controlled_one_factor,2,2,0.985308,0.985308,0.985304,0.985312,0.986794,0.986808,529.0,1,-8.000000000008e-06,-8.000000000008e-06,-8.000000000008e-06,round2_d8_child5_sub1.0_col0.8_lambda5.0_alpha1.0
XGBoost,round2_joint,round2_joint,max_depth,8 -> 10,controlled_one_factor,2,2,0.985299,0.985299,0.985288,0.98531,0.986785,0.986796,382.5,1,2.199999999996649e-05,2.199999999996649e-05,2.199999999996649e-05,round2_d10_child1_sub0.85_col0.6_lambda5.0_alpha0.0
XGBoost,round2_joint,round2_joint,max_depth,8 -> 10,controlled_one_factor,2,2,0.985168,0.985168,0.985026,0.98531,0.9866245,0.986699,412.5,1,0.000284000000000062,0.000284000000000062,0.000284000000000062,round2_d10_child5_sub0.85_col0.6_lambda1.0_alpha0.0
XGBoost,round2_joint,round2_joint,max_depth,8 -> 10,controlled_one_factor,2,2,0.985125,0.985125,0.984973,0.985277,0.9866094999999999,0.986694,378.5,1,0.00030399999999997096,0.00030399999999997096,0.00030399999999997096,round2_d10_child1_sub0.85_col0.6_lambda5.0_alpha1.0
XGBoost,round2_joint,round2_joint,max_depth,8 -> 10,controlled_one_factor,2,2,0.9850734999999999,0.9850734999999999,0.984877,0.98527,0.9866090000000001,0.986741,413.0,1,0.0003929999999999767,0.0003929999999999767,0.0003929999999999767,round2_d10_child1_sub0.85_col0.8_lambda5.0_alpha1.0
XGBoost,round2_joint,round2_joint,max_depth,8 -> 10,controlled_one_factor,2,2,0.9851300000000001,0.9851300000000001,0.985002,0.985258,0.986656,0.98673,385.5,1,0.00025599999999992296,0.00025599999999992296,0.00025599999999992296,round2_d10_child5_sub1.0_col0.6_lambda5.0_alpha1.0
XGBoost,round2_joint,round2_joint,max_depth,8 -> 10,controlled_one_factor,2,2,0.9852405,0.9852405,0.985227,0.985254,0.986648,0.986711,433.5,1,-2.6999999999999247e-05,-2.6999999999999247e-05,-2.6999999999999247e-05,round2_d8_child5_sub0.85_col0.8_lambda1.0_alpha0.0
XGBoost,round2_joint,round2_joint,max_depth,8 -> 10,controlled_one_factor,2,2,0.9851705,0.9851705,0.985169,0.985172,0.9866535000000001,0.986705,245.5,1,-3.000000000086267e-06,-3.000000000086267e-06,-3.000000000086267e-06,round2_d8_child1_sub0.85_col0.6_lambda1.0_alpha1.0
XGBoost,round2_joint,round2_joint,max_depth,8 -> 10,controlled_one_factor,2,2,0.985047,0.985047,0.984937,0.985157,0.986561,0.986626,371.0,1,0.00021999999999999797,0.00021999999999999797,0.00021999999999999797,round2_d10_child5_sub0.85_col0.8_lambda5.0_alpha0.0
XGBoost,round2_joint,round2_joint,max_depth,8 -> 10,controlled_one_factor,2,2,0.9850965,0.9850965,0.985086,0.985107,0.986677,0.986705,295.5,1,2.0999999999937735e-05,2.0999999999937735e-05,2.0999999999937735e-05,round2_d10_child1_sub0.85_col0.8_lambda5.0_alpha0.0
XGBoost,round2_joint,round2_joint,max_depth,8 -> 10,controlled_one_factor,2,2,0.984962,0.984962,0.984826,0.985098,0.986421,0.986493,331.0,1,0.00027200000000005,0.00027200000000005,0.00027200000000005,round2_d10_child5_sub0.85_col0.6_lambda1.0_alpha1.0
XGBoost,round2_joint,round2_joint,max_depth,8 -> 10,controlled_one_factor,2,2,0.9849684999999999,0.9849684999999999,0.984914,0.985023,0.9864735,0.986482,432.0,1,0.00010900000000002574,0.00010900000000002574,0.00010900000000002574,round2_d10_child5_sub0.85_col0.8_lambda1.0_alpha1.0
XGBoost,round2_joint,round2_joint,max_depth,8 -> 10,controlled_one_factor,2,2,0.9849289999999999,0.9849289999999999,0.984848,0.98501,0.986447,0.986482,482.5,1,0.0001620000000001065,0.0001620000000001065,0.0001620000000001065,round2_d10_child5_sub0.85_col0.6_lambda5.0_alpha1.0
XGBoost,round2_joint,round2_joint,max_depth,8 -> 10,controlled_one_factor,2,2,0.9849559999999999,0.9849559999999999,0.984938,0.984974,0.9864785,0.986482,390.0,1,-3.6000000000036e-05,-3.6000000000036e-05,-3.6000000000036e-05,round2_d8_child5_sub0.85_col0.6_lambda5.0_alpha0.0
XGBoost,round2_joint,round2_joint,max_depth,8 -> 10,controlled_one_factor,2,2,0.9849429999999999,0.9849429999999999,0.984914,0.984972,0.9864765,0.986509,320.0,1,-5.8000000000002494e-05,-5.8000000000002494e-05,-5.8000000000002494e-05,round2_d8_child5_sub0.85_col0.8_lambda5.0_alpha1.0
XGBoost,round2_joint,round2_joint,min_child_weight,1 -> 5,controlled_one_factor,2,2,0.9856374999999999,0.9856374999999999,0.985337,0.985938,0.9870300000000001,0.987283,323.5,1,-0.0006009999999999627,-0.0006009999999999627,-0.0006009999999999627,round2_d10_child1_sub1.0_col0.6_lambda1.0_alpha1.0
XGBoost,round2_joint,round2_joint,min_child_weight,1 -> 5,controlled_one_factor,2,2,0.985646,0.985646,0.985542,0.98575,0.9870095,0.987144,558.5,1,-0.00020799999999998597,-0.00020799999999998597,-0.00020799999999998597,round2_d8_child1_sub1.0_col0.6_lambda1.0_alpha1.0
XGBoost,round2_joint,round2_joint,min_child_weight,1 -> 5,controlled_one_factor,2,2,0.9855655,0.9855655,0.985402,0.985729,0.9869705,0.987144,453.0,1,-0.0003269999999999662,-0.0003269999999999662,-0.0003269999999999662,round2_d10_child1_sub1.0_col0.8_lambda5.0_alpha0.0
XGBoost,round2_joint,round2_joint,min_child_weight,1 -> 5,controlled_one_factor,2,2,0.985533,0.985533,0.985372,0.985694,0.9869785,0.987073,509.5,1,-0.00032199999999993345,-0.00032199999999993345,-0.00032199999999993345,round2_d8_child1_sub1.0_col0.8_lambda1.0_alpha1.0
XGBoost,round2_joint,round2_joint,min_child_weight,1 -> 5,controlled_one_factor,2,2,0.9855835,0.9855835,0.985477,0.98569,0.987019,0.987103,374.5,1,-0.0002129999999999077,-0.0002129999999999077,-0.0002129999999999077,round2_d10_child1_sub1.0_col0.8_lambda1.0_alpha1.0
XGBoost,round2_joint,round2_joint,min_child_weight,1 -> 5,controlled_one_factor,2,2,0.9854849999999999,0.9854849999999999,0.985295,0.985675,0.986943,0.987132,385.5,1,-0.00037999999999993594,-0.00037999999999993594,-0.00037999999999993594,round2_d10_child1_sub1.0_col0.6_lambda1.0_alpha0.0
XGBoost,round2_joint,round2_joint,min_child_weight,1 -> 5,controlled_one_factor,2,2,0.9855134999999999,0.9855134999999999,0.985364,0.985663,0.987009,0.987185,306.0,1,-0.0002989999999999382,-0.0002989999999999382,-0.0002989999999999382,round2_d10_child1_sub1.0_col0.8_lambda1.0_alpha0.0
XGBoost,round2_joint,round2_joint,min_child_weight,1 -> 5,controlled_one_factor,2,2,0.9853745,0.9853745,0.985121,0.985628,0.9869049999999999,0.987085,626.0,1,-0.0005069999999999242,-0.0005069999999999242,-0.0005069999999999242,round2_d8_child1_sub1.0_col0.6_lambda5.0_alpha0.0
XGBoost,round2_joint,round2_joint,min_child_weight,1 -> 5,controlled_one_factor,2,2,0.9854670000000001,0.9854670000000001,0.985334,0.9856,0.9869725,0.987023,453.0,1,0.00026599999999998847,0.00026599999999998847,0.00026599999999998847,round2_d8_child5_sub1.0_col0.6_lambda1.0_alpha0.0
XGBoost,round2_joint,round2_joint,min_child_weight,1 -> 5,controlled_one_factor,2,2,0.985422,0.985422,0.98531,0.985534,0.9868060000000001,0.986913,322.0,1,-0.00022400000000000198,-0.00022400000000000198,-0.00022400000000000198,round2_d10_child1_sub0.85_col0.6_lambda1.0_alpha0.0
XGBoost,round2_joint,round2_joint,min_child_weight,1 -> 5,controlled_one_factor,2,2,0.9854944999999999,0.9854944999999999,0.985475,0.985514,0.9869375,0.987015,439.0,1,-3.900000000001125e-05,-3.900000000001125e-05,-3.900000000001125e-05,round2_d10_child1_sub1.0_col0.6_lambda5.0_alpha0.0
XGBoost,round2_joint,round2_joint,min_child_weight,1 -> 5,controlled_one_factor,2,2,0.9852515,0.9852515,0.985002,0.985501,0.9867815,0.986981,455.0,1,-0.0004989999999999162,-0.0004989999999999162,-0.0004989999999999162,round2_d8_child1_sub1.0_col0.6_lambda5.0_alpha1.0
XGBoost,round2_joint,round2_joint,min_child_weight,1 -> 5,controlled_one_factor,2,2,0.9852525,0.9852525,0.985023,0.985482,0.986701,0.98692,282.5,1,-0.0004589999999999872,-0.0004589999999999872,-0.0004589999999999872,round2_d10_child1_sub0.85_col0.8_lambda1.0_alpha1.0
XGBoost,round2_joint,round2_joint,min_child_weight,1 -> 5,controlled_one_factor,2,2,0.9853879999999999,0.9853879999999999,0.985304,0.985472,0.9868775000000001,0.986975,373.0,1,-0.000168000000000057,-0.000168000000000057,-0.000168000000000057,round2_d10_child1_sub1.0_col0.8_lambda5.0_alpha1.0
XGBoost,round2_joint,round2_joint,min_child_weight,1 -> 5,controlled_one_factor,2,2,0.985362,0.985362,0.985258,0.985466,0.9868345000000001,0.986939,429.5,1,-0.00020799999999998597,-0.00020799999999998597,-0.00020799999999998597,round2_d10_child1_sub1.0_col0.6_lambda5.0_alpha1.0
XGBoost,round2_joint,round2_joint,min_child_weight,1 -> 5,controlled_one_factor,2,2,0.985329,0.985329,0.985218,0.98544,0.9868669999999999,0.986869,469.5,1,0.00022199999999994446,0.00022199999999994446,0.00022199999999994446,round2_d8_child5_sub1.0_col0.8_lambda1.0_alpha0.0
XGBoost,round2_joint,round2_joint,min_child_weight,1 -> 5,controlled_one_factor,2,2,0.9853285,0.9853285,0.985227,0.98543,0.986707,0.986829,271.0,1,-0.00020300000000006424,-0.00020300000000006424,-0.00020300000000006424,round2_d10_child1_sub0.85_col0.8_lambda1.0_alpha0.0
XGBoost,round2_joint,round2_joint,min_child_weight,1 -> 5,controlled_one_factor,2,2,0.985325,0.985325,0.985312,0.985338,0.986881,0.986954,492.5,1,-2.6000000000081513e-05,-2.6000000000081513e-05,-2.6000000000081513e-05,round2_d8_child1_sub1.0_col0.8_lambda5.0_alpha1.0
XGBoost,round2_joint,round2_joint,min_child_weight,1 -> 5,controlled_one_factor,2,2,0.985124,0.985124,0.984938,0.98531,0.9866245,0.986774,291.0,1,-0.00037200000000003897,-0.00037200000000003897,-0.00037200000000003897,round2_d10_child1_sub0.85_col0.6_lambda5.0_alpha0.0
XGBoost,round2_joint,round2_joint,min_child_weight,1 -> 5,controlled_one_factor,2,2,0.985131,0.985131,0.984974,0.985288,0.986639,0.986796,481.5,1,-0.00031400000000003647,-0.00031400000000003647,-0.00031400000000003647,round2_d8_child1_sub0.85_col0.6_lambda5.0_alpha0.0
XGBoost,round2_joint,round2_joint,min_child_weight,1 -> 5,controlled_one_factor,2,2,0.985266,0.985266,0.985254,0.985278,0.986741,0.986771,484.0,1,-2.4000000000024002e-05,-2.4000000000024002e-05,-2.4000000000024002e-05,round2_d8_child1_sub0.85_col0.8_lambda1.0_alpha0.0
XGBoost,round2_joint,round2_joint,min_child_weight,1 -> 5,controlled_one_factor,2,2,0.9851435,0.9851435,0.98501,0.985277,0.986588,0.986694,426.5,1,-0.0002669999999999062,-0.0002669999999999062,-0.0002669999999999062,round2_d10_child1_sub0.85_col0.6_lambda5.0_alpha1.0
XGBoost,round2_joint,round2_joint,min_child_weight,1 -> 5,controlled_one_factor,2,2,0.985092,0.985092,0.984914,0.98527,0.9865925,0.986741,260.0,1,-0.00035600000000002296,-0.00035600000000002296,-0.00035600000000002296,round2_d10_child1_sub0.85_col0.8_lambda5.0_alpha1.0
XGBoost,round2_joint,round2_joint,min_child_weight,1 -> 5,controlled_one_factor,2,2,0.9851835,0.9851835,0.985107,0.98526,0.986746,0.98675,460.5,1,0.00015300000000006975,0.00015300000000006975,0.00015300000000006975,round2_d8_child5_sub1.0_col0.8_lambda5.0_alpha0.0
XGBoost,round2_joint,round2_joint,min_child_weight,1 -> 5,controlled_one_factor,2,2,0.9851075,0.9851075,0.985026,0.985189,0.9866410000000001,0.986732,412.5,1,-0.00016300000000002424,-0.00016300000000002424,-0.00016300000000002424,round2_d8_child1_sub0.85_col0.6_lambda1.0_alpha0.0
XGBoost,round2_joint,round2_joint,min_child_weight,1 -> 5,controlled_one_factor,2,2,0.984999,0.984999,0.984826,0.985172,0.986527,0.986705,350.0,1,-0.0003460000000000685,-0.0003460000000000685,-0.0003460000000000685,round2_d8_child1_sub0.85_col0.6_lambda1.0_alpha1.0
XGBoost,round2_joint,round2_joint,min_child_weight,1 -> 5,controlled_one_factor,2,2,0.9851335,0.9851335,0.985098,0.985169,0.9865474999999999,0.986602,226.5,1,-7.099999999993223e-05,-7.099999999993223e-05,-7.099999999993223e-05,round2_d10_child1_sub0.85_col0.6_lambda1.0_alpha1.0
XGBoost,round2_joint,round2_joint,min_child_weight,1 -> 5,controlled_one_factor,2,2,0.9851319999999999,0.9851319999999999,0.985107,0.985157,0.9866375000000001,0.986649,235.5,1,4.999999999999449e-05,4.999999999999449e-05,4.999999999999449e-05,round2_d10_child5_sub0.85_col0.8_lambda5.0_alpha0.0
XGBoost,round2_joint,round2_joint,min_child_weight,1 -> 5,controlled_one_factor,2,2,0.9850114999999999,0.9850114999999999,0.984937,0.985086,0.9866005,0.986705,431.0,1,-0.00014900000000006575,-0.00014900000000006575,-0.00014900000000006575,round2_d8_child1_sub0.85_col0.8_lambda5.0_alpha0.0
XGBoost,round2_joint,round2_joint,min_child_weight,1 -> 5,controlled_one_factor,2,2,0.9849105,0.9849105,0.984848,0.984973,0.9864685,0.986525,434.5,1,-0.00012500000000004174,-0.00012500000000004174,-0.00012500000000004174,round2_d8_child1_sub0.85_col0.6_lambda5.0_alpha1.0
XGBoost,round2_joint,round2_joint,min_child_weight,1 -> 5,controlled_one_factor,2,2,0.9849245,0.9849245,0.984877,0.984972,0.9864930000000001,0.986509,473.0,1,9.499999999995623e-05,9.499999999995623e-05,9.499999999995623e-05,round2_d8_child5_sub0.85_col0.8_lambda5.0_alpha1.0
XGBoost,round2_joint,round2_joint,min_child_weight,1 -> 5,controlled_one_factor,2,2,0.984926,0.984926,0.984914,0.984938,0.9864975,0.98653,323.0,1,-2.4000000000024002e-05,-2.4000000000024002e-05,-2.4000000000024002e-05,round2_d8_child1_sub0.85_col0.8_lambda1.0_alpha1.0
XGBoost,round2_joint,round2_joint,subsample,0.85 -> 1,controlled_one_factor,2,2,0.9855535,0.9855535,0.985169,0.985938,0.9869425000000001,0.987283,231.0,1,0.0007690000000000197,0.0007690000000000197,0.0007690000000000197,round2_d10_child1_sub1.0_col0.6_lambda1.0_alpha1.0
XGBoost,round2_joint,round2_joint,subsample,0.85 -> 1,controlled_one_factor,2,2,0.985461,0.985461,0.985172,0.98575,0.9869245,0.987144,443.0,1,0.0005779999999999674,0.0005779999999999674,0.0005779999999999674,round2_d8_child1_sub1.0_col0.6_lambda1.0_alpha1.0
XGBoost,round2_joint,round2_joint,subsample,0.85 -> 1,controlled_one_factor,2,2,0.9854179999999999,0.9854179999999999,0.985107,0.985729,0.9868965000000001,0.987144,265.5,1,0.0006220000000000114,0.0006220000000000114,0.0006220000000000114,round2_d10_child1_sub1.0_col0.8_lambda5.0_alpha0.0
XGBoost,round2_joint,round2_joint,subsample,0.85 -> 1,controlled_one_factor,2,2,0.985316,0.985316,0.984938,0.985694,0.9868015,0.987073,386.0,1,0.0007559999999999789,0.0007559999999999789,0.0007559999999999789,round2_d8_child1_sub1.0_col0.8_lambda1.0_alpha1.0
XGBoost,round2_joint,round2_joint,subsample,0.85 -> 1,controlled_one_factor,2,2,0.985586,0.985586,0.985482,0.98569,0.9870114999999999,0.987103,297.5,1,0.00020799999999998597,0.00020799999999998597,0.00020799999999998597,round2_d10_child1_sub1.0_col0.8_lambda1.0_alpha1.0
XGBoost,round2_joint,round2_joint,subsample,0.85 -> 1,controlled_one_factor,2,2,0.9856045,0.9856045,0.985534,0.985675,0.9870225,0.987132,331.0,1,0.00014099999999994672,0.00014099999999994672,0.00014099999999994672,round2_d10_child1_sub1.0_col0.6_lambda1.0_alpha0.0
XGBoost,round2_joint,round2_joint,subsample,0.85 -> 1,controlled_one_factor,2,2,0.9855465,0.9855465,0.98543,0.985663,0.987007,0.987185,259.5,1,0.0002329999999999277,0.0002329999999999277,0.0002329999999999277,round2_d10_child1_sub1.0_col0.8_lambda1.0_alpha0.0
XGBoost,round2_joint,round2_joint,subsample,0.85 -> 1,controlled_one_factor,2,2,0.985458,0.985458,0.985288,0.985628,0.9869405,0.987085,630.5,1,0.00033999999999989594,0.00033999999999989594,0.00033999999999989594,round2_d8_child1_sub1.0_col0.6_lambda5.0_alpha0.0
XGBoost,round2_joint,round2_joint,subsample,0.85 -> 1,controlled_one_factor,2,2,0.985313,0.985313,0.985026,0.9856,0.9867865,0.987023,483.5,1,0.0005740000000000745,0.0005740000000000745,0.0005740000000000745,round2_d8_child5_sub1.0_col0.6_lambda1.0_alpha0.0
XGBoost,round2_joint,round2_joint,subsample,0.85 -> 1,controlled_one_factor,2,2,0.9851840000000001,0.9851840000000001,0.984826,0.985542,0.986612,0.986875,465.5,1,0.0007160000000000499,0.0007160000000000499,0.0007160000000000499,round2_d8_child5_sub1.0_col0.6_lambda1.0_alpha1.0
XGBoost,round2_joint,round2_joint,subsample,0.85 -> 1,controlled_one_factor,2,2,0.985412,0.985412,0.98531,0.985514,0.9868945,0.987015,301.5,1,0.00020399999999998197,0.00020399999999998197,0.00020399999999998197,round2_d10_child1_sub1.0_col0.6_lambda5.0_alpha0.0
XGBoost,round2_joint,round2_joint,subsample,0.85 -> 1,controlled_one_factor,2,2,0.9852369999999999,0.9852369999999999,0.984973,0.985501,0.986753,0.986981,442.5,1,0.0005279999999999729,0.0005279999999999729,0.0005279999999999729,round2_d8_child1_sub1.0_col0.6_lambda5.0_alpha1.0
XGBoost,round2_joint,round2_joint,subsample,0.85 -> 1,controlled_one_factor,2,2,0.98525,0.98525,0.985023,0.985477,0.9867085,0.986935,359.5,1,0.00045400000000006546,0.00045400000000006546,0.00045400000000006546,round2_d10_child5_sub1.0_col0.8_lambda1.0_alpha1.0
XGBoost,round2_joint,round2_joint,subsample,0.85 -> 1,controlled_one_factor,2,2,0.9852065,0.9852065,0.984938,0.985475,0.9866675,0.98686,428.5,1,0.0005370000000000097,0.0005370000000000097,0.0005370000000000097,round2_d10_child5_sub1.0_col0.6_lambda5.0_alpha0.0
XGBoost,round2_joint,round2_joint,subsample,0.85 -> 1,controlled_one_factor,2,2,0.985371,0.985371,0.98527,0.985472,0.986858,0.986975,294.0,1,0.00020200000000003548,0.00020200000000003548,0.00020200000000003548,round2_d10_child1_sub1.0_col0.8_lambda5.0_alpha1.0
XGBoost,round2_joint,round2_joint,subsample,0.85 -> 1,controlled_one_factor,2,2,0.9853715,0.9853715,0.985277,0.985466,0.9868165,0.986939,435.0,1,0.00018899999999999473,0.00018899999999999473,0.00018899999999999473,round2_d10_child1_sub1.0_col0.6_lambda5.0_alpha1.0
XGBoost,round2_joint,round2_joint,subsample,0.85 -> 1,controlled_one_factor,2,2,0.985347,0.985347,0.985254,0.98544,0.986788,0.986865,559.5,1,0.00018600000000001948,0.00018600000000001948,0.00018600000000001948,round2_d8_child5_sub1.0_col0.8_lambda1.0_alpha0.0
XGBoost,round2_joint,round2_joint,subsample,0.85 -> 1,controlled_one_factor,2,2,0.9852795,0.9852795,0.985157,0.985402,0.9867115,0.986797,423.0,1,0.00024500000000005073,0.00024500000000005073,0.00024500000000005073,round2_d10_child5_sub1.0_col0.8_lambda5.0_alpha0.0
XGBoost,round2_joint,round2_joint,subsample,0.85 -> 1,controlled_one_factor,2,2,0.985143,0.985143,0.984914,0.985372,0.9866745,0.986884,446.5,1,0.00045800000000006946,0.00045800000000006946,0.00045800000000006946,round2_d8_child5_sub1.0_col0.8_lambda1.0_alpha1.0
XGBoost,round2_joint,round2_joint,subsample,0.85 -> 1,controlled_one_factor,2,2,0.9852955,0.9852955,0.985227,0.985364,0.9867090000000001,0.986833,317.5,1,0.00013700000000005375,0.00013700000000005375,0.00013700000000005375,round2_d10_child5_sub1.0_col0.8_lambda1.0_alpha0.0
XGBoost,round2_joint,round2_joint,subsample,0.85 -> 1,controlled_one_factor,2,2,0.9851075,0.9851075,0.984877,0.985338,0.9867155000000001,0.986954,455.5,1,0.0004610000000000447,0.0004610000000000447,0.0004610000000000447,round2_d8_child1_sub1.0_col0.8_lambda5.0_alpha1.0
XGBoost,round2_joint,round2_joint,subsample,0.85 -> 1,controlled_one_factor,2,2,0.9852175000000001,0.9852175000000001,0.985098,0.985337,0.9866349999999999,0.986777,319.0,1,0.00023899999999998922,0.00023899999999998922,0.00023899999999998922,round2_d10_child5_sub1.0_col0.6_lambda1.0_alpha1.0
XGBoost,round2_joint,round2_joint,subsample,0.85 -> 1,controlled_one_factor,2,2,0.9852615,0.9852615,0.985189,0.985334,0.986827,0.986922,382.0,1,0.00014500000000006175,0.00014500000000006175,0.00014500000000006175,round2_d8_child1_sub1.0_col0.6_lambda1.0_alpha0.0
XGBoost,round2_joint,round2_joint,subsample,0.85 -> 1,controlled_one_factor,2,2,0.985142,0.985142,0.984972,0.985312,0.9866585,0.986808,510.0,1,0.00034000000000000696,0.00034000000000000696,0.00034000000000000696,round2_d8_child5_sub1.0_col0.8_lambda5.0_alpha1.0
XGBoost,round2_joint,round2_joint,subsample,0.85 -> 1,controlled_one_factor,2,2,0.9853025,0.9853025,0.985295,0.98531,0.9867265000000001,0.986754,376.5,1,-1.4999999999987246e-05,-1.4999999999987246e-05,-1.4999999999987246e-05,round2_d10_child5_sub0.85_col0.6_lambda1.0_alpha0.0
XGBoost,round2_joint,round2_joint,subsample,0.85 -> 1,controlled_one_factor,2,2,0.985109,0.985109,0.984914,0.985304,0.986612,0.98678,339.0,1,0.00039000000000000146,0.00039000000000000146,0.00039000000000000146,round2_d10_child5_sub1.0_col0.8_lambda5.0_alpha1.0
XGBoost,round2_joint,round2_joint,subsample,0.85 -> 1,controlled_one_factor,2,2,0.985248,0.985248,0.985218,0.985278,0.98682,0.986869,394.0,1,-5.999999999994898e-05,-5.999999999994898e-05,-5.999999999994898e-05,round2_d8_child1_sub0.85_col0.8_lambda1.0_alpha0.0
XGBoost,round2_joint,round2_joint,subsample,0.85 -> 1,controlled_one_factor,2,2,0.9850985,0.9850985,0.984937,0.98526,0.986623,0.98675,479.5,1,0.00032300000000007323,0.00032300000000007323,0.00032300000000007323,round2_d8_child5_sub1.0_col0.8_lambda5.0_alpha0.0
XGBoost,round2_joint,round2_joint,subsample,0.85 -> 1,controlled_one_factor,2,2,0.985134,0.985134,0.98501,0.985258,0.986606,0.98673,421.0,1,0.00024799999999991496,0.00024799999999991496,0.00024799999999991496,round2_d10_child5_sub1.0_col0.6_lambda5.0_alpha1.0
XGBoost,round2_joint,round2_joint,subsample,0.85 -> 1,controlled_one_factor,2,2,0.9850475000000001,0.9850475000000001,0.984974,0.985121,0.9866035,0.986725,477.0,1,0.00014700000000000824,0.00014700000000000824,0.00014700000000000824,round2_d8_child5_sub1.0_col0.6_lambda5.0_alpha0.0
XGBoost,round2_joint,round2_joint,subsample,0.85 -> 1,controlled_one_factor,2,2,0.9850965,0.9850965,0.985086,0.985107,0.9867235000000001,0.986742,412.0,1,2.0999999999937735e-05,2.0999999999937735e-05,2.0999999999937735e-05,round2_d8_child1_sub1.0_col0.8_lambda5.0_alpha0.0
XGBoost,round2_joint,round2_joint,subsample,0.85 -> 1,controlled_one_factor,2,2,0.984925,0.984925,0.984848,0.985002,0.986497,0.986582,447.0,1,0.0001540000000000985,0.0001540000000000985,0.0001540000000000985,round2_d8_child5_sub1.0_col0.6_lambda5.0_alpha1.0
XGBoost,round2_joint,round2_joint,colsample_bytree,0.6 -> 0.8,controlled_one_factor,2,2,0.985814,0.985814,0.98569,0.985938,0.987193,0.987283,349.5,1,-0.000248000000000026,-0.000248000000000026,-0.000248000000000026,round2_d10_child1_sub1.0_col0.6_lambda1.0_alpha1.0
XGBoost,round2_joint,round2_joint,colsample_bytree,0.6 -> 0.8,controlled_one_factor,2,2,0.985722,0.985722,0.985694,0.98575,0.9871084999999999,0.987144,589.0,1,-5.6000000000056005e-05,-5.6000000000056005e-05,-5.6000000000056005e-05,round2_d8_child1_sub1.0_col0.6_lambda1.0_alpha1.0
XGBoost,round2_joint,round2_joint,colsample_bytree,0.6 -> 0.8,controlled_one_factor,2,2,0.9856214999999999,0.9856214999999999,0.985514,0.985729,0.9870795,0.987144,339.0,1,0.00021499999999996522,0.00021499999999996522,0.00021499999999996522,round2_d10_child1_sub1.0_col0.8_lambda5.0_alpha0.0
XGBoost,round2_joint,round2_joint,colsample_bytree,0.6 -> 0.8,controlled_one_factor,2,2,0.9856689999999999,0.9856689999999999,0.985663,0.985675,0.9871585,0.987185,323.0,1,-1.2000000000012001e-05,-1.2000000000012001e-05,-1.2000000000012001e-05,round2_d10_child1_sub1.0_col0.6_lambda1.0_alpha0.0
XGBoost,round2_joint,round2_joint,colsample_bytree,0.6 -> 0.8,controlled_one_factor,2,2,0.9853675,0.9853675,0.985107,0.985628,0.9869135,0.987085,592.5,1,-0.0005209999999999937,-0.0005209999999999937,-0.0005209999999999937,round2_d8_child1_sub1.0_col0.6_lambda5.0_alpha0.0
XGBoost,round2_joint,round2_joint,colsample_bytree,0.6 -> 0.8,controlled_one_factor,2,2,0.98552,0.98552,0.98544,0.9856,0.986944,0.987023,522.5,1,-0.000160000000000049,-0.000160000000000049,-0.000160000000000049,round2_d8_child5_sub1.0_col0.6_lambda1.0_alpha0.0
XGBoost,round2_joint,round2_joint,colsample_bytree,0.6 -> 0.8,controlled_one_factor,2,2,0.985457,0.985457,0.985372,0.985542,0.9868794999999999,0.986884,479.0,1,-0.00017000000000000348,-0.00017000000000000348,-0.00017000000000000348,round2_d8_child5_sub1.0_col0.6_lambda1.0_alpha1.0
XGBoost,round2_joint,round2_joint,colsample_bytree,0.6 -> 0.8,controlled_one_factor,2,2,0.985482,0.985482,0.98543,0.985534,0.986871,0.986913,267.5,1,-0.00010399999999999299,-0.00010399999999999299,-0.00010399999999999299,round2_d10_child1_sub0.85_col0.6_lambda1.0_alpha0.0
XGBoost,round2_joint,round2_joint,colsample_bytree,0.6 -> 0.8,controlled_one_factor,2,2,0.9854195,0.9854195,0.985338,0.985501,0.9869675,0.986981,465.5,1,-0.00016299999999991321,-0.00016299999999991321,-0.00016299999999991321,round2_d8_child1_sub1.0_col0.6_lambda5.0_alpha1.0
XGBoost,round2_joint,round2_joint,colsample_bytree,0.6 -> 0.8,controlled_one_factor,2,2,0.9853255,0.9853255,0.985169,0.985482,0.986761,0.98692,179.0,1,0.0003130000000000077,0.0003130000000000077,0.0003130000000000077,round2_d10_child1_sub0.85_col0.8_lambda1.0_alpha1.0
XGBoost,round2_joint,round2_joint,colsample_bytree,0.6 -> 0.8,controlled_one_factor,2,2,0.985407,0.985407,0.985337,0.985477,0.986856,0.986935,348.5,1,0.000140000000000029,0.000140000000000029,0.000140000000000029,round2_d10_child5_sub1.0_col0.8_lambda1.0_alpha1.0
XGBoost,round2_joint,round2_joint,colsample_bytree,0.6 -> 0.8,controlled_one_factor,2,2,0.9854385,0.9854385,0.985402,0.985475,0.9868285,0.98686,553.0,1,-7.299999999998974e-05,-7.299999999998974e-05,-7.299999999998974e-05,round2_d10_child5_sub1.0_col0.6_lambda5.0_alpha0.0
XGBoost,round2_joint,round2_joint,colsample_bytree,0.6 -> 0.8,controlled_one_factor,2,2,0.9854689999999999,0.9854689999999999,0.985466,0.985472,0.9869570000000001,0.986975,370.0,1,6.000000000061512e-06,6.000000000061512e-06,6.000000000061512e-06,round2_d10_child1_sub1.0_col0.8_lambda5.0_alpha1.0
XGBoost,round2_joint,round2_joint,colsample_bytree,0.6 -> 0.8,controlled_one_factor,2,2,0.9853295,0.9853295,0.985295,0.985364,0.9867935,0.986833,368.5,1,6.899999999998574e-05,6.899999999998574e-05,6.899999999998574e-05,round2_d10_child5_sub1.0_col0.8_lambda1.0_alpha0.0
XGBoost,round2_joint,round2_joint,colsample_bytree,0.6 -> 0.8,controlled_one_factor,2,2,0.985276,0.985276,0.985218,0.985334,0.9868954999999999,0.986922,400.0,1,-0.00011600000000000499,-0.00011600000000000499,-0.00011600000000000499,round2_d8_child1_sub1.0_col0.6_lambda1.0_alpha0.0
XGBoost,round2_joint,round2_joint,colsample_bytree,0.6 -> 0.8,controlled_one_factor,2,2,0.9851570000000001,0.9851570000000001,0.985002,0.985312,0.986695,0.986808,482.0,1,0.00030999999999992145,0.00030999999999992145,0.00030999999999992145,round2_d8_child5_sub1.0_col0.8_lambda5.0_alpha1.0
XGBoost,round2_joint,round2_joint,colsample_bytree,0.6 -> 0.8,controlled_one_factor,2,2,0.9852084999999999,0.9852084999999999,0.985107,0.98531,0.9867115,0.986774,228.0,1,-0.00020300000000006424,-0.00020300000000006424,-0.00020300000000006424,round2_d10_child1_sub0.85_col0.6_lambda5.0_alpha0.0
XGBoost,round2_joint,round2_joint,colsample_bytree,0.6 -> 0.8,controlled_one_factor,2,2,0.9852685,0.9852685,0.985227,0.98531,0.986642,0.986699,325.5,1,-8.300000000005525e-05,-8.300000000005525e-05,-8.300000000005525e-05,round2_d10_child5_sub0.85_col0.6_lambda1.0_alpha0.0
XGBoost,round2_joint,round2_joint,colsample_bytree,0.6 -> 0.8,controlled_one_factor,2,2,0.985281,0.985281,0.985258,0.985304,0.986755,0.98678,432.5,1,4.599999999999049e-05,4.599999999999049e-05,4.599999999999049e-05,round2_d10_child5_sub1.0_col0.8_lambda5.0_alpha1.0
XGBoost,round2_joint,round2_joint,colsample_bytree,0.6 -> 0.8,controlled_one_factor,2,2,0.985187,0.985187,0.985086,0.985288,0.9867505000000001,0.986796,450.0,1,-0.00020200000000003548,-0.00020200000000003548,-0.00020200000000003548,round2_d8_child1_sub0.85_col0.6_lambda5.0_alpha0.0
XGBoost,round2_joint,round2_joint,colsample_bytree,0.6 -> 0.8,controlled_one_factor,2,2,0.9852335,0.9852335,0.985189,0.985278,0.9867515,0.986771,376.0,1,8.900000000000574e-05,8.900000000000574e-05,8.900000000000574e-05,round2_d8_child1_sub0.85_col0.8_lambda1.0_alpha0.0
XGBoost,round2_joint,round2_joint,colsample_bytree,0.6 -> 0.8,controlled_one_factor,2,2,0.9852734999999999,0.9852734999999999,0.98527,0.985277,0.9867174999999999,0.986741,359.0,1,-6.999999999979245e-06,-6.999999999979245e-06,-6.999999999979245e-06,round2_d10_child1_sub0.85_col0.6_lambda5.0_alpha1.0
XGBoost,round2_joint,round2_joint,colsample_bytree,0.6 -> 0.8,controlled_one_factor,2,2,0.9851905000000001,0.9851905000000001,0.985121,0.98526,0.9867375,0.98675,494.0,1,0.00013900000000000023,0.00013900000000000023,0.00013900000000000023,round2_d8_child5_sub1.0_col0.8_lambda5.0_alpha0.0
XGBoost,round2_joint,round2_joint,colsample_bytree,0.6 -> 0.8,controlled_one_factor,2,2,0.9851399999999999,0.9851399999999999,0.985026,0.985254,0.9866305,0.986711,520.5,1,0.00022800000000000598,0.00022800000000000598,0.00022800000000000598,round2_d8_child5_sub0.85_col0.8_lambda1.0_alpha0.0
XGBoost,round2_joint,round2_joint,colsample_bytree,0.6 -> 0.8,controlled_one_factor,2,2,0.985055,0.985055,0.984938,0.985172,0.9866175,0.986705,240.0,1,-0.0002340000000000675,-0.0002340000000000675,-0.0002340000000000675,round2_d8_child1_sub0.85_col0.6_lambda1.0_alpha1.0
XGBoost,round2_joint,round2_joint,colsample_bytree,0.6 -> 0.8,controlled_one_factor,2,2,0.9850475,0.9850475,0.984938,0.985157,0.9865505,0.986626,298.5,1,0.00021899999999996922,0.00021899999999996922,0.00021899999999996922,round2_d10_child5_sub0.85_col0.8_lambda5.0_alpha0.0
XGBoost,round2_joint,round2_joint,colsample_bytree,0.6 -> 0.8,controlled_one_factor,2,2,0.9850605,0.9850605,0.985023,0.985098,0.9864875,0.986493,330.0,1,-7.500000000004725e-05,-7.500000000004725e-05,-7.500000000004725e-05,round2_d10_child5_sub0.85_col0.6_lambda1.0_alpha1.0
XGBoost,round2_joint,round2_joint,colsample_bytree,0.6 -> 0.8,controlled_one_factor,2,2,0.984962,0.984962,0.984914,0.98501,0.986463,0.986482,327.5,1,-9.600000000009601e-05,-9.600000000009601e-05,-9.600000000009601e-05,round2_d10_child5_sub0.85_col0.6_lambda5.0_alpha1.0
XGBoost,round2_joint,round2_joint,colsample_bytree,0.6 -> 0.8,controlled_one_factor,2,2,0.9849555,0.9849555,0.984937,0.984974,0.986489,0.986496,462.5,1,-3.700000000006476e-05,-3.700000000006476e-05,-3.700000000006476e-05,round2_d8_child5_sub0.85_col0.6_lambda5.0_alpha0.0
XGBoost,round2_joint,round2_joint,colsample_bytree,0.6 -> 0.8,controlled_one_factor,2,2,0.984925,0.984925,0.984877,0.984973,0.9865010000000001,0.986525,432.5,1,-9.599999999998499e-05,-9.599999999998499e-05,-9.599999999998499e-05,round2_d8_child1_sub0.85_col0.6_lambda5.0_alpha1.0
XGBoost,round2_joint,round2_joint,colsample_bytree,0.6 -> 0.8,controlled_one_factor,2,2,0.98491,0.98491,0.984848,0.984972,0.9864605,0.986509,475.0,1,0.000124000000000013,0.000124000000000013,0.000124000000000013,round2_d8_child5_sub0.85_col0.8_lambda5.0_alpha1.0
XGBoost,round2_joint,round2_joint,colsample_bytree,0.6 -> 0.8,controlled_one_factor,2,2,0.9848699999999999,0.9848699999999999,0.984826,0.984914,0.986407,0.986465,433.0,1,8.799999999997699e-05,8.799999999997699e-05,8.799999999997699e-05,round2_d8_child5_sub0.85_col0.8_lambda1.0_alpha1.0
XGBoost,round2_joint,round2_joint,reg_lambda,1 -> 5,controlled_one_factor,2,2,0.985702,0.985702,0.985466,0.985938,0.9871110000000001,0.987283,389.0,1,-0.00047200000000002795,-0.00047200000000002795,-0.00047200000000002795,round2_d10_child1_sub1.0_col0.6_lambda1.0_alpha1.0
XGBoost,round2_joint,round2_joint,reg_lambda,1 -> 5,controlled_one_factor,2,2,0.9856255,0.9856255,0.985501,0.98575,0.9870625,0.987144,538.5,1,-0.00024900000000005473,-0.00024900000000005473,-0.00024900000000005473,round2_d8_child1_sub1.0_col0.6_lambda1.0_alpha1.0
XGBoost,round2_joint,round2_joint,reg_lambda,1 -> 5,controlled_one_factor,2,2,0.9856959999999999,0.9856959999999999,0.985663,0.985729,0.9871645,0.987185,321.0,1,6.60000000000105e-05,6.60000000000105e-05,6.60000000000105e-05,round2_d10_child1_sub1.0_col0.8_lambda5.0_alpha0.0
XGBoost,round2_joint,round2_joint,reg_lambda,1 -> 5,controlled_one_factor,2,2,0.9855160000000001,0.9855160000000001,0.985338,0.985694,0.9870135,0.987073,516.0,1,-0.00035599999999991194,-0.00035599999999991194,-0.00035599999999991194,round2_d8_child1_sub1.0_col0.8_lambda1.0_alpha1.0
XGBoost,round2_joint,round2_joint,reg_lambda,1 -> 5,controlled_one_factor,2,2,0.985581,0.985581,0.985472,0.98569,0.987039,0.987103,330.5,1,-0.00021799999999994046,-0.00021799999999994046,-0.00021799999999994046,round2_d10_child1_sub1.0_col0.8_lambda1.0_alpha1.0
XGBoost,round2_joint,round2_joint,reg_lambda,1 -> 5,controlled_one_factor,2,2,0.9855944999999999,0.9855944999999999,0.985514,0.985675,0.9870734999999999,0.987132,341.0,1,-0.00016099999999996673,-0.00016099999999996673,-0.00016099999999996673,round2_d10_child1_sub1.0_col0.6_lambda1.0_alpha0.0
XGBoost,round2_joint,round2_joint,reg_lambda,1 -> 5,controlled_one_factor,2,2,0.985481,0.985481,0.985334,0.985628,0.9870034999999999,0.987085,599.5,1,0.00029399999999990545,0.00029399999999990545,0.00029399999999990545,round2_d8_child1_sub1.0_col0.6_lambda5.0_alpha0.0
XGBoost,round2_joint,round2_joint,reg_lambda,1 -> 5,controlled_one_factor,2,2,0.9853605000000001,0.9853605000000001,0.985121,0.9856,0.986874,0.987023,479.5,1,-0.0004790000000000072,-0.0004790000000000072,-0.0004790000000000072,round2_d8_child5_sub1.0_col0.6_lambda1.0_alpha0.0
XGBoost,round2_joint,round2_joint,reg_lambda,1 -> 5,controlled_one_factor,2,2,0.985272,0.985272,0.985002,0.985542,0.9867284999999999,0.986875,475.0,1,-0.0005399999999999849,-0.0005399999999999849,-0.0005399999999999849,round2_d8_child5_sub1.0_col0.6_lambda1.0_alpha1.0
XGBoost,round2_joint,round2_joint,reg_lambda,1 -> 5,controlled_one_factor,2,2,0.985422,0.985422,0.98531,0.985534,0.9868435,0.986913,291.5,1,-0.00022400000000000198,-0.00022400000000000198,-0.00022400000000000198,round2_d10_child1_sub0.85_col0.6_lambda1.0_alpha0.0
XGBoost,round2_joint,round2_joint,reg_lambda,1 -> 5,controlled_one_factor,2,2,0.985376,0.985376,0.98527,0.985482,0.9868304999999999,0.98692,261.0,1,-0.00021199999999998997,-0.00021199999999998997,-0.00021199999999998997,round2_d10_child1_sub0.85_col0.8_lambda1.0_alpha1.0
XGBoost,round2_joint,round2_joint,reg_lambda,1 -> 5,controlled_one_factor,2,2,0.9853905000000001,0.9853905000000001,0.985304,0.985477,0.9868574999999999,0.986935,417.0,1,-0.00017300000000008975,-0.00017300000000008975,-0.00017300000000008975,round2_d10_child5_sub1.0_col0.8_lambda1.0_alpha1.0
XGBoost,round2_joint,round2_joint,reg_lambda,1 -> 5,controlled_one_factor,2,2,0.985385,0.985385,0.985295,0.985475,0.986807,0.98686,483.5,1,0.00017999999999995797,0.00017999999999995797,0.00017999999999995797,round2_d10_child5_sub1.0_col0.6_lambda5.0_alpha0.0
XGBoost,round2_joint,round2_joint,reg_lambda,1 -> 5,controlled_one_factor,2,2,0.98535,0.98535,0.98526,0.98544,0.9868075000000001,0.986865,537.0,1,-0.00017999999999995797,-0.00017999999999995797,-0.00017999999999995797,round2_d8_child5_sub1.0_col0.8_lambda1.0_alpha0.0
XGBoost,round2_joint,round2_joint,reg_lambda,1 -> 5,controlled_one_factor,2,2,0.9852685,0.9852685,0.985107,0.98543,0.986739,0.986829,204.0,1,-0.00032300000000007323,-0.00032300000000007323,-0.00032300000000007323,round2_d10_child1_sub0.85_col0.8_lambda1.0_alpha0.0
XGBoost,round2_joint,round2_joint,reg_lambda,1 -> 5,controlled_one_factor,2,2,0.985383,0.985383,0.985364,0.985402,0.986815,0.986833,438.0,1,3.799999999998249e-05,3.799999999998249e-05,3.799999999998249e-05,round2_d10_child5_sub1.0_col0.8_lambda5.0_alpha0.0
XGBoost,round2_joint,round2_joint,reg_lambda,1 -> 5,controlled_one_factor,2,2,0.9853419999999999,0.9853419999999999,0.985312,0.985372,0.986846,0.986884,486.0,1,-6.0000000000060005e-05,-6.0000000000060005e-05,-6.0000000000060005e-05,round2_d8_child5_sub1.0_col0.8_lambda1.0_alpha1.0
XGBoost,round2_joint,round2_joint,reg_lambda,1 -> 5,controlled_one_factor,2,2,0.9852974999999999,0.9852974999999999,0.985258,0.985337,0.9867535000000001,0.986777,364.0,1,-7.900000000005125e-05,-7.900000000005125e-05,-7.900000000005125e-05,round2_d10_child5_sub1.0_col0.6_lambda1.0_alpha1.0
XGBoost,round2_joint,round2_joint,reg_lambda,1 -> 5,controlled_one_factor,2,2,0.985124,0.985124,0.984938,0.98531,0.986587,0.986699,321.5,1,-0.00037200000000003897,-0.00037200000000003897,-0.00037200000000003897,round2_d10_child5_sub0.85_col0.6_lambda1.0_alpha0.0
XGBoost,round2_joint,round2_joint,reg_lambda,1 -> 5,controlled_one_factor,2,2,0.9852385,0.9852385,0.985189,0.985288,0.986764,0.986796,413.0,1,9.900000000007125e-05,9.900000000007125e-05,9.900000000007125e-05,round2_d8_child1_sub0.85_col0.6_lambda5.0_alpha0.0
XGBoost,round2_joint,round2_joint,reg_lambda,1 -> 5,controlled_one_factor,2,2,0.985182,0.985182,0.985086,0.985278,0.986738,0.986771,413.0,1,-0.00019199999999996997,-0.00019199999999996997,-0.00019199999999996997,round2_d8_child1_sub0.85_col0.8_lambda1.0_alpha0.0
XGBoost,round2_joint,round2_joint,reg_lambda,1 -> 5,controlled_one_factor,2,2,0.985223,0.985223,0.985169,0.985277,0.986648,0.986694,277.0,1,0.00010799999999999699,0.00010799999999999699,0.00010799999999999699,round2_d10_child1_sub0.85_col0.6_lambda5.0_alpha1.0
XGBoost,round2_joint,round2_joint,reg_lambda,1 -> 5,controlled_one_factor,2,2,0.9850954999999999,0.9850954999999999,0.984937,0.985254,0.9866035,0.986711,502.0,1,-0.0003170000000000117,-0.0003170000000000117,-0.0003170000000000117,round2_d8_child5_sub0.85_col0.8_lambda1.0_alpha0.0
XGBoost,round2_joint,round2_joint,reg_lambda,1 -> 5,controlled_one_factor,2,2,0.985192,0.985192,0.985157,0.985227,0.9866055,0.986626,302.5,1,-7.00000000000145e-05,-7.00000000000145e-05,-7.00000000000145e-05,round2_d10_child5_sub0.85_col0.8_lambda1.0_alpha0.0
XGBoost,round2_joint,round2_joint,reg_lambda,1 -> 5,controlled_one_factor,2,2,0.9851624999999999,0.9851624999999999,0.985107,0.985218,0.9868055,0.986869,393.0,1,-0.00011100000000008325,-0.00011100000000008325,-0.00011100000000008325,round2_d8_child1_sub1.0_col0.8_lambda1.0_alpha0.0
XGBoost,round2_joint,round2_joint,reg_lambda,1 -> 5,controlled_one_factor,2,2,0.9850725,0.9850725,0.984973,0.985172,0.986615,0.986705,347.0,1,-0.00019900000000006024,-0.00019900000000006024,-0.00019900000000006024,round2_d8_child1_sub0.85_col0.6_lambda1.0_alpha1.0
XGBoost,round2_joint,round2_joint,reg_lambda,1 -> 5,controlled_one_factor,2,2,0.9850540000000001,0.9850540000000001,0.98501,0.985098,0.9864875,0.986493,376.0,1,-8.799999999997699e-05,-8.799999999997699e-05,-8.799999999997699e-05,round2_d10_child5_sub0.85_col0.6_lambda1.0_alpha1.0
XGBoost,round2_joint,round2_joint,reg_lambda,1 -> 5,controlled_one_factor,2,2,0.985,0.985,0.984974,0.985026,0.986516,0.98655,481.0,1,-5.199999999994098e-05,-5.199999999994098e-05,-5.199999999994098e-05,round2_d8_child5_sub0.85_col0.6_lambda1.0_alpha0.0
XGBoost,round2_joint,round2_joint,reg_lambda,1 -> 5,controlled_one_factor,2,2,0.9849684999999999,0.9849684999999999,0.984914,0.985023,0.986463,0.986482,281.5,1,-0.00010900000000002574,-0.00010900000000002574,-0.00010900000000002574,round2_d10_child5_sub0.85_col0.8_lambda1.0_alpha1.0
XGBoost,round2_joint,round2_joint,reg_lambda,1 -> 5,controlled_one_factor,2,2,0.9849429999999999,0.9849429999999999,0.984914,0.984972,0.986487,0.986509,470.5,1,5.8000000000002494e-05,5.8000000000002494e-05,5.8000000000002494e-05,round2_d8_child5_sub0.85_col0.8_lambda5.0_alpha1.0
XGBoost,round2_joint,round2_joint,reg_lambda,1 -> 5,controlled_one_factor,2,2,0.9849075,0.9849075,0.984877,0.984938,0.9865035,0.98653,325.5,1,-6.099999999997774e-05,-6.099999999997774e-05,-6.099999999997774e-05,round2_d8_child1_sub0.85_col0.8_lambda1.0_alpha1.0
XGBoost,round2_joint,round2_joint,reg_lambda,1 -> 5,controlled_one_factor,2,2,0.984837,0.984837,0.984826,0.984848,0.9863805,0.986412,437.5,1,2.199999999996649e-05,2.199999999996649e-05,2.199999999996649e-05,round2_d8_child5_sub0.85_col0.6_lambda5.0_alpha1.0
XGBoost,round2_joint,round2_joint,reg_alpha,0 -> 1,controlled_one_factor,2,2,0.9858065,0.9858065,0.985675,0.985938,0.9872075,0.987283,320.0,1,0.0002630000000000132,0.0002630000000000132,0.0002630000000000132,round2_d10_child1_sub1.0_col0.6_lambda1.0_alpha1.0
XGBoost,round2_joint,round2_joint,reg_alpha,0 -> 1,controlled_one_factor,2,2,0.985542,0.985542,0.985334,0.98575,0.987033,0.987144,499.5,1,0.00041599999999997195,0.00041599999999997195,0.00041599999999997195,round2_d8_child1_sub1.0_col0.6_lambda1.0_alpha1.0
XGBoost,round2_joint,round2_joint,reg_alpha,0 -> 1,controlled_one_factor,2,2,0.9856005,0.9856005,0.985472,0.985729,0.9870595,0.987144,299.0,1,-0.0002569999999999517,-0.0002569999999999517,-0.0002569999999999517,round2_d10_child1_sub1.0_col0.8_lambda5.0_alpha0.0
XGBoost,round2_joint,round2_joint,reg_alpha,0 -> 1,controlled_one_factor,2,2,0.985456,0.985456,0.985218,0.985694,0.986971,0.987073,489.5,1,0.00047599999999992093,0.00047599999999992093,0.00047599999999992093,round2_d8_child1_sub1.0_col0.8_lambda1.0_alpha1.0
XGBoost,round2_joint,round2_joint,reg_alpha,0 -> 1,controlled_one_factor,2,2,0.9856765,0.9856765,0.985663,0.98569,0.987144,0.987185,352.5,1,2.6999999999999247e-05,2.6999999999999247e-05,2.6999999999999247e-05,round2_d10_child1_sub1.0_col0.8_lambda1.0_alpha1.0
XGBoost,round2_joint,round2_joint,reg_alpha,0 -> 1,controlled_one_factor,2,2,0.9855645,0.9855645,0.985501,0.985628,0.987033,0.987085,638.5,1,-0.00012699999999998823,-0.00012699999999998823,-0.00012699999999998823,round2_d8_child1_sub1.0_col0.6_lambda5.0_alpha0.0
XGBoost,round2_joint,round2_joint,reg_alpha,0 -> 1,controlled_one_factor,2,2,0.985571,0.985571,0.985542,0.9856,0.986949,0.987023,512.0,1,-5.8000000000002494e-05,-5.8000000000002494e-05,-5.8000000000002494e-05,round2_d8_child5_sub1.0_col0.6_lambda1.0_alpha0.0
XGBoost,round2_joint,round2_joint,reg_alpha,0 -> 1,controlled_one_factor,2,2,0.9853514999999999,0.9853514999999999,0.985169,0.985534,0.9867575,0.986913,242.0,1,-0.0003650000000000597,-0.0003650000000000597,-0.0003650000000000597,round2_d10_child1_sub0.85_col0.6_lambda1.0_alpha0.0
XGBoost,round2_joint,round2_joint,reg_alpha,0 -> 1,controlled_one_factor,2,2,0.98549,0.98549,0.985466,0.985514,0.986977,0.987015,410.0,1,-4.8000000000048004e-05,-4.8000000000048004e-05,-4.8000000000048004e-05,round2_d10_child1_sub1.0_col0.6_lambda5.0_alpha0.0
XGBoost,round2_joint,round2_joint,reg_alpha,0 -> 1,controlled_one_factor,2,2,0.985456,0.985456,0.98543,0.985482,0.9868745,0.98692,204.5,1,5.199999999994098e-05,5.199999999994098e-05,5.199999999994098e-05,round2_d10_child1_sub0.85_col0.8_lambda1.0_alpha1.0
XGBoost,round2_joint,round2_joint,reg_alpha,0 -> 1,controlled_one_factor,2,2,0.9854205,0.9854205,0.985364,0.985477,0.986884,0.986935,328.0,1,0.00011300000000002974,0.00011300000000002974,0.00011300000000002974,round2_d10_child5_sub1.0_col0.8_lambda1.0_alpha1.0
XGBoost,round2_joint,round2_joint,reg_alpha,0 -> 1,controlled_one_factor,2,2,0.9853665,0.9853665,0.985258,0.985475,0.986795,0.98686,458.5,1,-0.00021700000000002273,-0.00021700000000002273,-0.00021700000000002273,round2_d10_child5_sub1.0_col0.6_lambda5.0_alpha0.0
XGBoost,round2_joint,round2_joint,reg_alpha,0 -> 1,controlled_one_factor,2,2,0.985406,0.985406,0.985372,0.98544,0.9868745,0.986884,489.5,1,-6.799999999995698e-05,-6.799999999995698e-05,-6.799999999995698e-05,round2_d8_child5_sub1.0_col0.8_lambda1.0_alpha0.0
XGBoost,round2_joint,round2_joint,reg_alpha,0 -> 1,controlled_one_factor,2,2,0.9853529999999999,0.9853529999999999,0.985304,0.985402,0.9867885000000001,0.986797,527.0,1,-9.80000000000425e-05,-9.80000000000425e-05,-9.80000000000425e-05,round2_d10_child5_sub1.0_col0.8_lambda5.0_alpha0.0
XGBoost,round2_joint,round2_joint,reg_alpha,0 -> 1,controlled_one_factor,2,2,0.9852225,0.9852225,0.985107,0.985338,0.986848,0.986954,419.5,1,0.00023100000000009224,0.00023100000000009224,0.00023100000000009224,round2_d8_child1_sub1.0_col0.8_lambda5.0_alpha1.0
XGBoost,round2_joint,round2_joint,reg_alpha,0 -> 1,controlled_one_factor,2,2,0.9853160000000001,0.9853160000000001,0.985295,0.985337,0.9867655,0.986777,389.0,1,4.199999999998649e-05,4.199999999998649e-05,4.199999999998649e-05,round2_d10_child5_sub1.0_col0.6_lambda1.0_alpha1.0
XGBoost,round2_joint,round2_joint,reg_alpha,0 -> 1,controlled_one_factor,2,2,0.985286,0.985286,0.98526,0.985312,0.9867790000000001,0.986808,533.5,1,5.199999999994098e-05,5.199999999994098e-05,5.199999999994098e-05,round2_d8_child5_sub1.0_col0.8_lambda5.0_alpha1.0
XGBoost,round2_joint,round2_joint,reg_alpha,0 -> 1,controlled_one_factor,2,2,0.9852935,0.9852935,0.985277,0.98531,0.986734,0.986774,326.5,1,-3.300000000006076e-05,-3.300000000006076e-05,-3.300000000006076e-05,round2_d10_child1_sub0.85_col0.6_lambda5.0_alpha0.0
XGBoost,round2_joint,round2_joint,reg_alpha,0 -> 1,controlled_one_factor,2,2,0.985204,0.985204,0.985098,0.98531,0.986596,0.986699,306.5,1,-0.00021199999999998997,-0.00021199999999998997,-0.00021199999999998997,round2_d10_child5_sub0.85_col0.6_lambda1.0_alpha0.0
XGBoost,round2_joint,round2_joint,reg_alpha,0 -> 1,controlled_one_factor,2,2,0.9851305,0.9851305,0.984973,0.985288,0.9866604999999999,0.986796,434.5,1,-0.00031500000000006523,-0.00031500000000006523,-0.00031500000000006523,round2_d8_child1_sub0.85_col0.6_lambda5.0_alpha0.0
XGBoost,round2_joint,round2_joint,reg_alpha,0 -> 1,controlled_one_factor,2,2,0.985108,0.985108,0.984938,0.985278,0.9866505,0.986771,290.5,1,-0.00034000000000000696,-0.00034000000000000696,-0.00034000000000000696,round2_d8_child1_sub0.85_col0.8_lambda1.0_alpha0.0
XGBoost,round2_joint,round2_joint,reg_alpha,0 -> 1,controlled_one_factor,2,2,0.9851885,0.9851885,0.985107,0.98527,0.986695,0.986741,260.5,1,0.00016300000000002424,0.00016300000000002424,0.00016300000000002424,round2_d10_child1_sub0.85_col0.8_lambda5.0_alpha1.0
XGBoost,round2_joint,round2_joint,reg_alpha,0 -> 1,controlled_one_factor,2,2,0.985084,0.985084,0.984914,0.985254,0.986588,0.986711,516.5,1,-0.00034000000000000696,-0.00034000000000000696,-0.00034000000000000696,round2_d8_child5_sub0.85_col0.8_lambda1.0_alpha0.0
XGBoost,round2_joint,round2_joint,reg_alpha,0 -> 1,controlled_one_factor,2,2,0.985125,0.985125,0.985023,0.985227,0.9865335,0.986585,349.0,1,-0.00020399999999998197,-0.00020399999999998197,-0.00020399999999998197,round2_d10_child5_sub0.85_col0.8_lambda1.0_alpha0.0
XGBoost,round2_joint,round2_joint,reg_alpha,0 -> 1,controlled_one_factor,2,2,0.9851805,0.9851805,0.985172,0.985189,0.9867185,0.986732,325.5,1,-1.6999999999933735e-05,-1.6999999999933735e-05,-1.6999999999933735e-05,round2_d8_child1_sub0.85_col0.6_lambda1.0_alpha0.0
XGBoost,round2_joint,round2_joint,reg_alpha,0 -> 1,controlled_one_factor,2,2,0.9850355,0.9850355,0.984914,0.985157,0.9865349999999999,0.986626,235.0,1,-0.00024299999999999322,-0.00024299999999999322,-0.00024299999999999322,round2_d10_child5_sub0.85_col0.8_lambda5.0_alpha0.0
XGBoost,round2_joint,round2_joint,reg_alpha,0 -> 1,controlled_one_factor,2,2,0.9850615,0.9850615,0.985002,0.985121,0.9866535,0.986725,442.5,1,-0.00011899999999998023,-0.00011899999999998023,-0.00011899999999998023,round2_d8_child5_sub1.0_col0.6_lambda5.0_alpha0.0
XGBoost,round2_joint,round2_joint,reg_alpha,0 -> 1,controlled_one_factor,2,2,0.9849815,0.9849815,0.984877,0.985086,0.986591,0.986705,448.0,1,-0.00020900000000001473,-0.00020900000000001473,-0.00020900000000001473,round2_d8_child1_sub0.85_col0.8_lambda5.0_alpha0.0
XGBoost,round2_joint,round2_joint,reg_alpha,0 -> 1,controlled_one_factor,2,2,0.984926,0.984926,0.984826,0.985026,0.9864495,0.98655,437.0,1,-0.00019999999999997797,-0.00019999999999997797,-0.00019999999999997797,round2_d8_child5_sub0.85_col0.6_lambda1.0_alpha0.0
XGBoost,round2_joint,round2_joint,reg_alpha,0 -> 1,controlled_one_factor,2,2,0.984974,0.984974,0.984938,0.98501,0.9864785,0.986482,391.0,1,7.2000000000072e-05,7.2000000000072e-05,7.2000000000072e-05,round2_d10_child5_sub0.85_col0.6_lambda5.0_alpha1.0
XGBoost,round2_joint,round2_joint,reg_alpha,0 -> 1,controlled_one_factor,2,2,0.984911,0.984911,0.984848,0.984974,0.986447,0.986482,481.5,1,-0.0001260000000000705,-0.0001260000000000705,-0.0001260000000000705,round2_d8_child5_sub0.85_col0.6_lambda5.0_alpha0.0
XGBoost,round2_joint,round2_joint,reg_alpha,0 -> 1,controlled_one_factor,2,2,0.9849545,0.9849545,0.984937,0.984972,0.9865025000000001,0.986509,456.0,1,3.500000000000725e-05,3.500000000000725e-05,3.500000000000725e-05,round2_d8_child5_sub0.85_col0.8_lambda5.0_alpha1.0
